"80175" 51 51 58 79 79 68 68 77 83 134 149 153 130 39 27 41 49 47 52 54 81 145 62 27 33 50 38 32 40 47 55 60 36 43 71 74 103 90 80 27 34 34 15 17 16 34 46 36 33 22 26 41 35 40 31 57 89 90 90 41 32 32 32 36 33 38 32 28 33 34 20 28 30 35 17 11 17 22 32 24 37 38 34 37 27 21 22 22 22 29 31 50 11 9 14 33 42 41 32 32 56 69 63 32 26 31 33 32 37 53 40 7 10 10 11 21 23 30 36 29 25 32 32 17 24 12 14 14 22 19 18 21 29 31 30 31 28 36 39 38 14 8 14 16 35 28 9 10 11 14 28 22 11 10.5 10 9 14 19 22 23 27 29 19 13 15 17 15 7 6 11 17.5 24 22 17 16 17 18 25 19.5 14 15 11 13 11 7 15 16 13 20 19 18 20 13 2 8 16 10 16 19 22 21 18 19 18 22 13 10 13 4 9 7 7 8 10 8 10 8 5 7 9 20 24 27 7 10 11 13 17 15 31 35 15 8 13 11 15 19 7 3 5 10 11 17 18 22 20 19 22 23 26 28 26 13 10.5 8 12 15 19 22 25 17 5 4 6 10 10 5 9 7 7 8 7 9 13 6 12 10 10 11 8 18 16 19 22 27 35 21 20 21 35 31 7 10 25 32 20 18 15 15 25 31 37 56 23 27 31 23 26 30 30 15 28.5 42 34 44 42 21 29 35 40 54 63 40 41 40 42 56 54 53 44 46 54 43 10 25 11 6 20 27 25 35 36 38 82 63 72 73 63 62 76 111 137 95 85
"80176" 91 71 112 69 69 105 98 62 87 95 78 78 28 11 26 25 44 52 52 64 88 84 48 55 39 52 59 48 56 54 40 65 18 46 54 65 93 57 69 41 31 32 10 11 33 37 62 72 66 86 71 41 37 60 49 72 26 37 46 69 82 61 73 61 43 45 64 46 33 40 29 21 27 43 41 12 30 53 35 12 9 14 31 21 34 45 47 51 40 32 35 34 28 9 14 23 21 30 29 31 41 110 57 31 58 41 35 34 47 25 22 20 14 15 28 22 20 26 40 36 33 29 31 18 11 17 19 16 30 32 22 28 35 42 39 40 15 21 19 37 37 61 55 29 28 34 4 18 23 19 19 27 35 29 41 16 13 21 17 30 24 26 36 31 28 29 34 23 17 11 17 21 30 17 11 7 11 10 10 15 13 16 16 8 11 16 15 13 13 5 12 15 17 19 22 18 19 16 15 9 5 9 4 8 15 19 15 10 9 5 7 8 14 13 15 20 24 20 17 20 18 23 28 30 19 18 22 25 20 24 19 11 19 13 22 26 35 33 14 4 19 14 20 17 20 33 29 20 19 25 28 28 29 37 26 3 11 17 18 16 22 26 8 8 14 8 19 21 25 33 37 37 14 21 17 14 20 18 14 10 14 17 24 40 28 27 35 40 39 40 39 48 16 38 34 41 80 50 7 19 26 22 17 16 34 45 54 54 30 33 27 30 37 34 35 49 17 42 63 65 64 68 30 17 35 51 67 66 71 50 33 22 56 6 28 48 38 10 24 16 31 44 77 34 34 31 42 45 51 81 228 211 169 94
"80177" 31 18 24 22 17 32 41 49 59 63 45 25 27 61 8 22 23 28 29 31 28 28 35 36 40 56 46 40 45 62 53 72 53 31 29 33 37 40 10 18 24 28 22 16 15 35 37 41 34 26 44 17 14 11 20 25 33 34 61 59 47 17 39 32 52 22 22 22 34 44 20 12 26 52 35 39 28 25 23 22 32 36 19 19 25 17 30 15 28 34 33 32 18 19 38 9 18 23 36 25 46 42 55 31 23 25 30 35 16 23 43 58 47 14 13 18.5 24 38 11 21 31 27 20 18 26 27 21 21 4 12 13 26 63 80 35 17 40 35 26 26 30 22 34 38 21 18 17 18 17 21 22 14 22 13 15 8 12 18 22 13 13 17 26 23 28 23 14 15 16 9 24 12 8 20 25 15 14 8 9 11 13 13 12 11 6 8 9 9 13 11 8 9 11 11 14 17 14 15 17 5 10 10 13 10 14 14.5 15 12 10 8 16 11 7 7 6 8 10 11 8 8 9 9 10 7 10 15 12 11 10 16 17 25 12 15 14 9 5 7 4 6 20 16 13 19 24 24 16 24 24 24 25 17 18 24 5 11 20 26 13 10 10 12 16 10 12 12 17 15 20 14 14 11 13 13 16 21 25 14 8 4 17 18 19 20 17 6 14 21 24 20 25 22 17 23 25 28 24 21 21 17 10 15 35 36 11 19 23 6 13 30 43 34 45 20 25 62 61 33 19 37 20 42 40 30 18 16 17 38 27 39 33 35 17 33 38 14 20 22 9 26 9 30 31 40 46 53 46 60 41 39 43 57 55 38
"80178" 146 129 189 173 244 127 92 123 82 76 109 147 137 20 33 53 46 61 59 30 81 134 138 20 39 64 55 28 30 62 93 44 27 63 104 112 190 183 103 99 118 62 70 53 41 55 87 89 180 25 48 32 44 79 117 72 90 63 96 69 65 65 52 79 100 119 67 54 52 47 21 37 52 35 31 34 59 58 68 79 187 128 52 56 64 72 48 49 58 41 50 53 47 22 16 23 25 46 42 48 152 190 103 115 94 41 51 68 61 48 13 19 20 21 28 39 25 43 40 32 39 38 51 28 13 12 19 23 25 33 32 34 31 36 45 45 34 34 51 33 33 20 25 26 39 54 24 17 21 27 35 19 17 31 19 35 23 22 17 19 19 27 28 27 22 21 29 29 27 15 21 19 23 20 24 22 19 18 15 16 19 25 29 22 22 18 29 24 21 23 26 19 14 27 26 16 14 28 36 35 18 19 27 37 30 20 21 25 25 5 5 8 13 18 21 25 19 15 19 35 41 40 41 20 23 22 26 31 41 38 37 41 27 36 23 17 31 12 7 13 21 20 36 47 43 39 40 50 57 49 36 38 38 49 31 15 24 32 33 35 35 28 10 19 19 33 17 31 36 33 54 24 24 22 19 25 50 29 24 29 39 38 34 54 71 91 69 38 55 71 44 16 16 53 131 72 57 23 12 42 91 87 9 37 57 60 83 131 16 22 58 68 114 161 232 35 19 37 73 68 60 25 34 35 45 69 98 129 35 52 67 87 24 42 67 88 42 49 19 62 54 165 72 57 91 109 94 100 127 56 79 143 201 101
"80179" 29 28 43 46 65 144 94 35 18 25 35 28 29 13 28 32 34 26 44 18 45 229 30 16 17 38 45 29 34 31 64 24 35 55 41 78 71 74 60 74 77 113 103 34 31 45 59 100 103 25 17 33 30 60 16 41 35 56 41 22 21 49 78 73 60 48 64 78 45 18 15 16 33 17 21 25 49 49 78 50 63 42 20 32 31 41 44 64 84 61 46 41 41 89 289 29 7 17 42 37 57 52 110 68 62 44 32 26 33 27 26 27 33 21 25 17 21 18 23 19 21 18 21 15 32 15 19 28 25 24 29 29 27 20 29 35 34 37 17 75 53 28 19 19 15 25 20 28 31 26 22 32 19 17 22 31 21 22 26 13 23 24 26 37 46 23 16 27 27 41 15 31 35 18 13 15 30 21 20 26 24 29 27 10 14 26 25 20 15 13 30 20 54 29 15 11 9 27 24 34 39 46 24 8 22 15 17 9 10 6 7 15 23 15 22 24 9 6 18 17 19 12 13 31 11 21 16 30 28 26 47 37 12 21 18 17 16 21 24 26 12 15 18 19 19 18 34 49 24 18 24 34 17 20 12 19 18 18 18 35 28 9 16 22 25 42 15 12 17 68 33 11 12 24 14 16 13 16 20 27 16 30 42 43 52 34 45 24 21 21 30 19 9 28 67 17 56 104 27 22 24 31 12 23 32 35 36 63 36 15 36 27 15 47 52 12 10 14 54 76 19 20 22 28 20 17 68 81 35 26 52 14 18 27 52 81 51 19 15 30 25 49 19 39 38 78 90 58 51 80 58 57 67 48
"80180" 64 59 65 78 71 80 84 82 93 122 166 163 107 21 25 38 37 46 61 73 79 122 76 34 60 70 34 35 53 62 67 90 74 76 77 59 60 69 50 19 30 34 24 9 13 20 27 31 34 37 50 13 15 23 29 42 38 45 55 38 38 36 41 40 48 39 35 46 36 24 33 36 25 30 13 12 14 13 14 20 30 4 7 7 16 19 20 23 23 24 30 31 6 4 7 35 45 34 34 38 40 40 25 19 31 32 32 24 31 33 16 1 3 5 14 18 26 31 36 32 30 24 22 17 24 9 5 7 11 10 15 29 34 49 58 54 36 27 51 41 28 5 14 24 31 9 10 10 18 19 12 12 7 3 5 11 16 22 24 34 38 28 21 18 17 24 8 7 8 20 26 20 19 12 17 19 21 21 14 13 19 20 6 5 7 15 23 19 24 22 23 16 19 8 11 24 20 13 16 19 14 16 16 17 21 13 10 10 7 10 8 11 12 9 6 10 8 7 9 10 14 14 13 9 9 12 15 19 21 42 34 17 11 19 11 14 12 4 5 10 13 14 21 26 25 23 24 23 22 23 29 33 26 8 5 8 13 19 27 27 7 5 4 5 7 5 6 7 5 6 7 7 8 7 7 7 6 2 5 8 12 18 21 17 12 16 22 24 28 26 16 4 16 28 40 21 14 14 15 23 22 29 23 17 11 7 14 16 24 27 13.5 26.25 39 53 60 49 64 29 16 24 34 43 19 24 31 36 49 45 39 45 49 65 83 26 26 25 20 9 22 33 23 51 56 49 46 52 61 64 77 82 92 133 122 97
"80181" 40 29 23 35 54 30 35 48 89 81 55 40 39 46 13 18 27 29 38 45 58 109 47 38 47 64 51 34 51 62 71 74 80 68 40 13 12 15 17 31 21 44 48 43 13 21 51 69 54 33 42 67 59 84 12 19 39 53 67 68 41 37 28 50 76 45 52 38 59 46 39 19 38 59 39 49 45 37 43 41 39 48 38 22 20 18 31 34 37 41 50 35 53 57 72 28 11 24 36 24 31 41 33 36 26 27 41 38 37 46 58 63 55 33 9 17 30 32 12 26 38 37 28 27 33 35 18 7 12 28 8 13 19 30 29 31 33 40 33 38 43 41 13 16 18.5 21 18 18 18 23 30 37 25 22 20 18 10 15 15 15 22 24 26 26 19 25 27 20 18 17 15 21 7 9 7 9 14 11 16 20 23 25 20 18 17 11 15 16 19 18 19 19 22 21 24 14 25 23 16 13 23 21 23 30 30 31 34 32 16 18 26 16 15 14 13 16 13 10 9 9 15 21 16 17 24 19 12 15 24 34 27 13.5 6.75 3.375 1.6875 0.84375 0.421875 0.2109375 0.10546875 0.052734375 0.0263671875 0.01318359375 11.006591796875 22 22 25 12 10 18 18 15 12 11 13 12 7 7 13 20 17 20 22 23 24 26 27 26 28 25 17 16 19 29 26 26 30 40 35 26 3 9 18 19 20 24 24 12 12 20 30 44 39 10 30 43 48 37 28 20 15 35 47 38 31 14 4 17 19 9 19 23 28 38.5 49 67 63 57 54.5 52 35 39 59 74 51 37 19 15 31 25 27 41 39 37 42 32 46 43 30 8 17 14 11 29 29 32 48 57 48 58 65 83 74 60 60
"80182" 182 74 60 71 97 146 99 67 117 26 54 63 46 24 25 28 44 64 52 48 57 73 50 31 22 49 62 52 51 57 58 67 18 35 57 66 78 51 72 21 24 27 15 32 20 44 48 59 98 76 67 22 23 41 55 50 38 45 66 95 60 49 73 69 41 39 63 73 43 44 29 23 27 49 19 13 40 41 54 90 35 129 46 32 50 60 48 40 32 37 45 38 19 21 18 34 34 34 30 31 91 90 54 43 49 35 34 40 35 43 16 17 18 16 25 25 28 27 33 45 41 26 22 19 23 19 18 25 26 25 45 34 36 36 33 32 24 18 14 24 51 63 33 23 29 42 40 28 18 22 26 32 37 29 28 18 31 32 27 37 34 26 20 27 34 28 34 30 9 13 25 38 41 33 12 14 13 16 14 10 24 28 29 15 11 13 17 10 17 15 14 14 24 20 12 22 31 21 12 8 13 12 10 13 18 18 14 11 8 6 8 10 13 16 13 14 18 15 14 20 23 30 43 33 17 18 16 22 22 23 20 17 20 22 32 25 24 19 6 11 23 31 18 19 34 26 19 18 13 20 30 24 26 28 26 7 13 16 17 20 23 35 9 10 17 11 14 15 43 54 50 54 32 28 12 12 21 27 21 14 15 31 46 45 45 35 52 44 45 34 51 91 32 43 35 88 41 34 18 25 48 59 18 27 62 37 53 61 68 36 40 48 72 45 61 100 20 27 69 74 82 52 23 50 51 61 76 71 63 46 39 57 45 25 57 48 24 47 40 17 29 54 61 35 33 38 80 61 61 164 228 95 154 149
"80183" 155 113 147 208 193 76 73 78 125 157 152 177 105 28 27 38 56 67 62 84 106 159 38 41 54 54 44 54 52 68 87 86 85 93 125 147 116 167 226 144 130 88 36 38 42 82 104 130 62 32 56 82 110 80 41 100 114 143 77 40 60 45 45 68 48 54 44.5 35 44 44 50 54 39 35 36.5 38 63 98 103 103 103 21 31 41 43 35 39 37 47 51 71 55 13 20 43 64 64 66 42 45 129 130 59 20 23 37 45 49 56 253 32 10 13 22 29 41 34 50 51 34 34 38 42 44 30 22 20 28 26.5 25 18 26 25 24 25 27 29 19 27 36 15 11 19 26 24.5 23 14 12 12 18 15 9 12 10 8 11 12 16 17 13 18 25 18 17 17 17 17 19 14 32 22 18 19 23 19 19.5 20 10 13.5 17 21 26 18.5 11 11 19 18 17 17 20 26 26 16 6 11 12 16.5 21 25 28 60 29 16 26 18 23 26 19 5 9 14 12 18 22 20 10 15 13 14 27 37 40 24 8 11 22 26 28 60 16 16 16 20 15 9 23 35 9 11.5 14 16 13 17 24 29 14.5 22.75 31 32 55 75 22 8 10 9 23 31 25 31 38 22 11 11 10 27 19 9 16 13 13 18 16 19 27 15 18 13 11 11 24 24 28 41 62 41 13 12 15 31 40 16 13 16 22 24 20 36 21 26 48 42 47 71 38 56 73 78 51 44 43 47 51 89 74 39 35 51.5 68 61 39 34 42 34 51 67 87 63 38 90 52 45 71 96 43 53 31 26 15 27 37 69 76 74 49 72 92 107 124 88 121 174 146 70 54
"80184" 49 32 56 85 161 111 49 58 31 39 89 90 90 10 14 22 44 36 42 12 56 107 64 9 31 52 18 14 27 54 76 14 28 46 67 110 120 50 59 53 113 156 101 37 30 30 86 149 150 11 22 33 60 93 79 30 119 126 107 24 30 46 89 175 174 112 98 52 95 30 10 25 42 21 27 44 39 83 90 96 200 51 35 30 48 44 77 86 65 52 58 66 58 23 17 19 8 15 60 60 142 149 117 108 71 29 41 47 49 44 15 16 35 28 29 17 57 41 18 20 34 37 44 34 12 12 20 33 28 38 50 44 21 33 53 40 36 26 62 49 24 16 22 31 32 43 40 23 34 41 40 24 13 23 22 23 17 20 15 14 10 18 16 15 22 34 38 36 42 12 12 12 20 25 19 27 18 15 17 17 17 21 21 38 14 17 20 21 6 7 16 12 10 11 17 9 10 17 27 40 23 18 15 15 21 8 22 28 11 14 5 6 7 14 24 25 18 8 12 27 29 38 30 8 14 17 18 28 23 37 36 28 11 13 11 10 30 15 10 11 16 21 36 29 35 27 47 53 59 52 59 15 20 32 15 14 23 30 45 46 45 20 11 22 20 15 17 40 69 80 39 41 13 23 40 52 43 16 28 37 43 16 18 45 80 77 25 24 19 47 30 14 10 183 222 30 30 28 13 31 46 24 11 28 35 47 77 115 17 11 49 72 101 131 120 11 17 41 67 71 19 21 33 44 69 84 92 123 74 87 117 52 23 31 56 70 50 19 8 35 85 62 18 13 48 78 64 100 81 30 80 163 196 128
"80185" 58 59 45 52 52 65 58 42 15 11 7 7 9 12 19 27 37 45 55 61 71 45 57 47 53 45 37 39 47 53 57 30 29 29 16 19 25 23 16 19 20 13 16 38 19 26 33 36 25 51 43 49 29 27 36 29 33 41 27 21 51 37 64 60 30 21 15 33 30 24 34 36 33 17 15 18 20 15 12 14 26 41 36 22 13 10 12 9 14 19 27 17 18 16 37 32 20 32 34 22 17 20 17 19 25.5 32 16 19.5 23 41 33 19 20 10 11 14 13 8 10 27 23 12 10 8 14 18 27 10 17 8 12 6 4 16 26 8 21 31 34 27 22 23 26 22 12 10 6 11 8 8 7 7 15 18 10 8 7 4 5 4 6 13 10 7 14 8 8 9 8 6 5 7 9 6 6 4 7 6 8 7 7 8 5 4 4 5 6 5 5 6 8 6 6 8 7 11 23 27 7 9 7 6 7 8 6 6 7 8 12 9 7 6 5 4 6 3 7 8 6 5 9 9 7 5 9 7 10 10 11 9 10 10 7 5 6 9 13 11 7 7 7 12 24 25 23 7 12 17 29 25 16 7 8 5 2 4 11 8 10 6 5 5 7 6 7 16 15 10 9 12 18 11 13 15 16 13 11 16 20 21 16 20 11 5 13 24 37 37 37 37 35 8 4 33 23 12 11 12 20 24 23 5 12 11 16 11 20 30 16 25 29 36 46 41 27 30 48 33 41 56 54 47 25 43 42 46 27 30 35 33 28 17 13 9 30 33 15 12 14 17 13 10 17 28 39 38 38 41 47 54 51 42 38 48
"80186" 19 10 20 41 79 62 19 25 13 37 60 87 74 2 6 18 26 28 29 9 35 66 37 7 25 21 7 15 21 34 35 8 10 23 28 74 98 47 20 49 85 139 81 6 8 31 68 132 124 5 4 18 56 91 25 9 60 131 59 4 19 33 103 162 132 146 73 42 82 19 8 30 42 17 13 43 21 51 113 122 171 35 19 24 22 21 62 88 78 55 53 75 44 17 19 14 5 13 58 108 107 105 161 79 24 15 40 33 35 20 10 19 29 27 31 14 51 37 11 13 38 40 42 31 10 7 11 18 27 21 42 38 10 30 53 48 28 18 41 49 30 12 12 29 34 47 62 28 29 34 41 29 7 10 9 18 11 16 10 8 5 9 13 7 24 29 38 35 43 48 18 8 16 27 28 33 23 17 24 15 20 22 29 37 15 15 12 12 5 6 17 20 22 12 17 7 11 21 27 32 34 31 23 17 31 7 32 27 11 16 4 11 20 25 40 27 14 16 26 37 50 49 43 9 11 19 25 30 26 23 23 35 10 6 9 10 14 13 22 11 10 13 20 20 27 28 48 72 62 60 71 16 20 26 5 13 24 30 49 55 20 8 7 16 9 13 21 25 45 32 7 14 4 8 24 33 8 7 14 33 26 6 12 28 67 39 7 8 12 32 15 4 5 128 68 5 23 19 10 20 30 5 5 8 5 20 35 45 6 3 18 25 60 113 81 3 8 29 36 24 9 5 6 17 24 33 58 71 39 88 85 37 28 26 56 78 52 8 6 16 49 23 7 8 16 24 30 45 34 25 43 93 121 11
"80187" 36 36 66 57 59 102 147 54 19 29 36 26 34 11 24 54 40 29 34 18 36 242 47 13 28 35 47 39 24 34 47 24 25 53 58 71 72 41 42 37 50 85 103 43 25 29 56 79 96 18 14 44 39 59 14 30 37 51 38 15 17 38 66 67 52 55 67 50 61 15 13 19 30 13 20 33 47 49 72 51 55 32 16 27 24 37 40 49 82 75 48 43 41 67 126 100 6 18 37 42 39 42 86 49 67 41 38 26 23 22 23 30 23 26 29 20 25 22 18 23 19 21 21 14 24 9 21 19 23 25 25 30 25 19 30 37 23 10 14 47 45 25 20 23 21 22 21 22 22 17 23 20 19 16 24 18 20 23 21 17 19 22 30 31 32 31 15 26 36 39 18 14 27 14 14 15 21 19 21 22 23 28 28 13 15 15 28 18 19 10 18 17 29 20 9 16 11 18 32 35 41 43 25 7 14 17 14 9 10 8 9 17 24 15 21 21 11 7 15 10 14 10 12 15 4 10 9 29 45 22 37 26 21 17 11 9 14 23 16 15 8 10 21 19 19 16 30 38 14 13 22 31 24 20 9 10 14 16 20 38 23 14 7 13 25 17 18 16 21 35 27 15 17 21 21 17 11 11 27 24 22 16 25 28 34 41 32 20 24 26 32 23 9 35 52 17 48 48 22 29 20 20 10 23 31 45 44 51 38 13 35 26 20 31 34 18 12 26 53 73 24 18 16 37 25 26 52 72 47 22 48 11 17 23 45 78 42 24 13 23 47 42 31 45 52 64 53 62 39 60 71 78 64 68
"80188" 21 14 18 13 17 33 38 54 80 76 54 52 61 47 7 19 24 28 39 43 28 24 47 54 46 48 31 45 44 51 75 88 116 105 44 45.5 47 29.5 12 21 27.5 34 20 8 8 18 21 38 20 27 37 9 12 6 3 23.5 44 52 81 34 37 15 33 47 60 63 27 28 41 33 10 10 27 55 51 34 21 16 28 32 33 32 9 12 18 9 14 9 21 33 23 25 22 30 18 6 18 27 48 39 34 48 59 26 16 39 54 20 21 20 42 22 15.5 9 14 26 25 23 16 25 34 30 22 42 49 19 13 20 9 4 4 15 21 22 35 30 38 33 43 18 28 11 27 48 45 25 27 19 26 46 20 19 10 8 11 5 14 34 18 17 15 20 22 21 25 29 10 17 16 16 28 15 13 14 16 18 24 21 17 14 19 25 13 15 5 10 17 25 14 13 13 11 11 15 7 18 15 15 17 6 10 16 11 19 15 22 17 12 10 8 15 16 15 11 14 16.5 19 14 10 14 12 15 20 16 10 15 23 20 23 30 25 37 32 21 27 13 7 9 5 17 37 10 13 17 34 31 31 23 24 22 27 29 28 25 4 7 14 26 36 27 17 23 13 6 12 9 14 10 15 20 14 18 19 22 21 17 15 10 3 5 10 6 11 23 17 7 11 23 28 28 35 8 17 72 66 55 33 27 35 52 67 45 54 29 17 15 23 7 22 44 41 38 58 66 31 87 89 47 29 60 60 48 36 16 8 11 14 45 42 55 75 117 77 27 48 20 11 42 15 12.5 10 22 37 36 36 44 29 62 89 106 102 37 57 76
"80189" 165 40 81 124 211 197 51 118 22 33 80 72 63 8 13 53 52 59 55 13 113 218 48 9 26 47 36 30 35 51 98 21 37 55 93 116 148 97 61 48 121 147 85 19 25 15 61 95 106 19 19 24 44 47 40 27 59 73 83 51 29 69 90 92 92 121 76 66 46 24 12 22 34 26 24 38 44 69 79 75 140 71 25 22 35 46 51 59 56 56 43 31 38 30 27 41 15 27 47 42 143 128 92 55 69 34 33 33 36 36 15 16 34 25 32 20 40 33 19 27 39 30 35 12 12 9 14 23 24 17 37 36 19 44 52 35 33 43 44 59 68 31 23 27 21 40 25 14 27 26 44 33 16 22 25 26 22 27 16 15 13 18 17 13 18 28 31 49 29 23 31 14 21 28 31 15 20 22 25 25 22 23 30 40 19 22 21 24 17 17 26 14 22 21 33 10 14 20 23 35 36 22 13 28 39 18 37 29 10 9 9 12 16 18 24 25 20 8 14 22 18 13 20 24 14 20 32 36 36 44 39 41 14 17 12 13 23 27 13 14 12 17 26 24 27 51 54 39 45 30 36 36 33 69 31 6 12 29 40 42 38 26 6 13 22 7 22 23 40 43 30 30 20 21 27 28 33 9 26 48 56 37 20 25 45 72 25 44 14 43 55 35 5 73 72 25 20 16 11 22 45 41 6 23 24 25 55 108 59 14 28 53 55 80 155 57 7 26 64 83 14 11 19 33 47 48 96 141 93 64 61 30 9 12 46 49 21 18 12 47 68 57 15 22 62 112 146 92 76 23 67 171 231 94
"80190" 187 121 92 110 150 172 112 104 180 50 89 99 134 40 19 53 55 64 61 57 73 153 185 30 32 69 78 44 49 78 89 77 22 42 77 88 95 83 98 50 51 31 26 39 37 52 53 53 88 62 63 24 28 38 52 62 38 48 73 91 61 60 66 65 48 48 55 62 41 44 16 20 26 32 24 20 31 47 44 93 98 204 41 31 49 55 52 47 39 40 35 36 21 11 14 30 29 29 32 34 144 113 59 66 68 32 36 61 38 54 20 16 19 18 28 22 24 24 31 33 32 28 19 10 14 15 15 17 23 20 25 28 30 33 32 29 22 52 11 21 36 18 19 16 24 35 36 9 9 20 23 31 24 25 18 18 18 13 16 21 45 20 18 17 24 21 26 32 6 6 18 27 24 23 19 6 8 11 9 11 18 23 26 11 7 7 10 6 14 12 12 11 13 12 15 17 14 13 12 9 8 10 7 11 11 18 10 13 5 4 4 7 8 10 14 15 15 12 9 18 23 33 41 21 6 18 23 23 24 26 20 16 12 15 27 24 27 24 7 10 14 25 29 18 35 35 28 24 30 29 28 30 32 40 38 27 23 21 19 17 33 23 14 11 17 19 24 27 36 32 29 28 31 25 25 13 33 36 33 31 12 27 53 70 94 90 66 80 65 37 50 36 18 36 37 60 35 18 9 18 39 86 15 28 44 33 50 68 29 29 38 52 104 60 68 48 11 21 44 34 49 36 17 44 37 63 47 43 28 31 25 62 27 21 34 37 30 36 20 19 20 52 32 37 42 45 73 80 64 146 126 128 123 133
"80191" 120 57 70 91 189 213 52 71 30 32 86 123 81 9 14 41 59 48 51 15 91 191 49 13 32 52 40 22 30 59 102 17 35 55 76 112 95 48 48 69 118 116 97 24 22 22 68 97 144 17 23 26 50 68 45 21 63 61 59 48 30 69 93 75 113 111 57 50 57 26 11 22 32 24 22 30 33 61 66 85 164 49 28 22 37 40 45 52 50 51 51 58 45 23 19 28 11 23 47 44 135 110 80 65 64 25 36 39 41 34 15 15 35 22 28 19 30 32 17 21 30 29 39 13 14 12 18 23 20 27 29 37 21 29 49 38 33 23 43 62 38 20 17 27 24 35 48 23 32 26 39 24 15 21 18 18 18 22 18 18 12 21 18 17 19 46 30 48 40 19 20 14 16 23 22 21 16 17 21 18 22 21 25 32 20 18 22 25 13 10 20 15 22 34 24 9 13 20 28 38 32 34 14 17 31 15 24 29 20 7 9 12 20 19 24 22 12 8 15 25 39 17 20 20 20 17 22 23 35 34 25 30 13 15 16 12 23 27 22 23 18 18 27 25 25 40 43 54 55 54 45 39 28 51 25 12 14 32 35 36 40 47 17 14 23 12 15 23 33 56 47 47 21 23 27 26 32 19 32 46 50 44 30 30 46 75 38 69 18 57 50 13 11 163 159 28 19 21 17 25 67 44 16 26 28 29 79 138 63 14 28 56 80 134 210 32 13 27 67 80 17 20 17 26 51 59 114 174 116 70 121 38 17 24 47 51 31 21 19 46 76 70 18 21 63 118 110 138 107 38 77 142 217 92
"80192" 114 95 168 219 273 160 56 75 151 193 259 229 123 45 26 39 48 53 59 120 177 198 139 71 53 84 72 84 84 74 78 56 34 48 70 92 87 125 75 46 56 44 23 34 45 57 68 75.5 83 59 52 64 63 53 40 52 83 83 85 83 87 80 60 37 44 54 37 34 45 33 28 31 27 41 27 19 26 27 19 15 28 43 44 36 37 44 36 33 26 32 32 34 17 8 16 18 28 39 38 43 46 81 82 52 29 34 38 23 44 49 41 12 5 8 13 15 29 34 39 49 36 45 38 21 19 11 15 18 38 20 27 24 32 41 42 42 14 32 59 43 28 14 23 22 33 19 29 22 21 14 15 24 33 15 21 5 10 14 31 24 26 28 17 16 34 36 21 26 17 8 9 14 14 20 17 18 21 14 11 16 12 27 24 17 12 8 10 15 14 11 12 17 14 16 11 14 21 24 29 14 15 8 7 13 15 12 15 19 15 11 12 13 15 11 17 20 20 24 11 22 19 27 33 37 17 19 27 26 30 39 46 44 35 18 25 38 53 42 11 10 20 24 31 28.5 26 13 6.5 3.25 14.125 25 30 41 45 27.5 10 14.5 19 15 23 31 29 23 15 7 13 12 4 9 15 20 24 35 17 19 10 6 18 16 21 16 24 31 33 37 55 35 28 34 53 62 73 48 12 33 37 59 29 27 12 21 33 30 50 18 33 48 34 29 24 23 41 32 60 50 49 66 30 34 47 50 70 76 32 33 43 62 42 33 33.5 34 34 57 42 15 34 45 7 15 15 7.5 26.75 46 62 67 52 59 73 68 76 140 198 205 128 96
"80193" 112 82 36 58 74 111 104 77 95 22 31 25 45 9 22 29 42 55 57 56 31 40 28 29 13 42 37 39 38 54 54 56 15 25 41 43 44 34 66 26 27 23 20 29 19 34 44 57 82 78 62 20 26 37 50 42 30 45 55 83 59 29 65 75 53 62 63 58 55 40 33 29 29 43 18 11 29 22 40 30 41 30 30 23 38 58 53 33 34 52 36 33 24 18 24 42 38 44 42 37 64 79 51 55 43 43 39 36 49 24 18 23 32 20 27 41 42 35 29 27 33 19 18 23 20 24 14 27 33 29 29 32 39 38 31 41 15 12 18 28 36 67 56 21 30 40 35 26 43 26 21 27 35 34 20 16 23 36 20 27 30 23 25 28 32 36 40 11 10 14 22 33 42 22 10 15 12 15 15 11 10 17 24 14 14 14 16 15 12 8 9 24 26 21 25 23 19 15 8 17 13 13 7 9 13 20 7 6 6 5 9 10 11 14 14 12 15 18 14 17 17 25 37 36 28 19 18 28 24 22 19 16 16 16 18 25 27 16 11 7 15 15 18 11 19 22 15 17 16 28 27 17 21 24 21 10 8 12 19 27 37 32 12 11 13 11 17 32 25 44 46 41 22 19 11 12 14 15 14 10 14 39 47 20 23 28 46 46 59 69 50 51 14 39 31 40 56 27 15 31 41 58 16 14 31 26 42 83 63 30 23 34 63 83 54 73 14 18 37 62 74 65 16 31 53 76 95 84 61 51 43 68 46 12 36 45 68 18 31 14 27 38 51 26 25 35 65 80 89 124 119 115 117 151
"80194" 29 30 27 24 27 28 24 35 18 9 24 39 29 18 7 5 17 23 29 29 43 33.5 24 18 33 40 36 29 28 34 46 61 39 33 43 49.5 56 76 29 44 56 35 43.5 52 9 17 22.5 28 62 50 47 44 24 36 33 30 25 21 33 47 59 39 40 44 22 29.5 37 47 39 33 49 33 26 38 37 43 45 38 39 41 26 26 28 20 18 14 27 48 59 38 39 34 29 37 33 27 17 29 29 23 37 38 40 49 30 31 28 20 19 15 18 16 38 44 21 13 30 38 24 20 23 28 26 15 11 12 12 8 18 21 25 25 26 36 29 25 11 22 26 24 17 14 10 25 37 28 20 21 25 26 24 21 22 23 14 14 13 11 11 11 9 10 15 13 17 13 8 11 12 8 11 11 10 10 8 8 4 5 5 5 6 7 6 5 5 6 12 13 20 13 18 20 16 12 12 22 10 6 5 4 6 14 9 9 11 18 9 10 10 11 7 10 9 14.5 20 16 15 14 15 16 17 17 9 9 11 15 17 17 10 10 9 8 9 13 14 13 19 14 20 17 10 6 7 4 7 7 6 7 11 7 13 13 19 15 9 15 15 14 19 24 27 16 24 30 16 11 15 9 13 18 18 16 25 19 13 23 22 11 8 8 6 12 12 5 8 9 15 34 29 33 38 38 20 18 19 29 36 36 24 20 24 31 29 9 10 6 15 28 13 15 28 36 30 30 34 39 41 22 25 38 35 36 31 26 29 31 41 21 15 18 31 47 47 36 31 25 39 40 8 9 22 14 10 13 27 20 19 22 38 50 54 41 51 50
"80195" 52 116 128 127 85 104 83 62 31 51 84 20 8 22 11 32 48 52 51 49 67 110 65 82 46 51 63 51 47 46 26 32 106 61 27 23 39 22 20 11 29 20 18 8 28 54 46 41 42 54 67 63 69 81 50 44 51 57 52 60 82 73 49 46 36 41 48 49 36 45 33 30 32 42 50 25 24 22 26 28 38 15 8 10 31 25 34 21 30 36 24 9 11 12 19 11 23 35 36 28 13 20 31 22 49 36 27 21 13 18 29 18 9 8 9 18 22 17 21 31 28 22 15 12 18 14 9 34 44 39 13 31 39 38 31 30 17 22 31 27 21 12 26 24 33 16 11 19 21 34 45 32 32 31 34 30 32 28 6 12 13 18 25 27 23 32 27 8 7 8 10 11 13 4 8 7 8 11 10.5 10 17 17 17 9 6 7 9 10 11 11 11 16 13 13 19 30 23 25 17 9 7 8 13 16 17 18 17 16 11 17 16 9 10 14 21 25 15 6 16 15 16 20 14 16 20 24 16 15 16 28 41 32 14 11 11 20 13 10 12 7 23 29 25 26 25 37 30 44 16 18 17 13 9 8 11 14 9 11 18 13 15 17 21 34 21 31 37 42 47 50 56 50 52 50 53 57 32 18 38 28 23 21 10 32 35 60 49 45 44 37 33 38 12 32 28 37 38 28 13 22 28 23 6 6 8 13 33 42 20 28 31 31 34 35 32 46 51 56 56 55 50 50 68 37 43 36 16 41 34 33 22 26 18 20 17 28 11 11 22 24 18 26 43 35 54 39 43 43 45 44 58 86 125 129
"80196" 53 58 91 81 78 76 89 103 110 109 155 129 111 49 31 39 51 44 54 47 71 121 79 30 47 73 51 52 67 85 107 104 60 114 131 118 115 130 75 29 53 67 36 18 18 26 43 66 59 27 62 59 17 32 46 38 52 68 59 49 56 69 51 66 53 58 68 53 40 43 14 15 39 60 33 18 24 47 31 43 44 16 15 17 18 11 31 29 38 47 41 50 11 18 17 25 41 44 39 61 57 34 37 38 36 46 52 26 36 27 21 4 5 10 17 34 36 36 22 32 39 31 36 35 39 27 20 10 5 10 14 20 21 33 50 62 67 22 30 35 37 21 30 43 42 28 25 32 36 40 31 18 5 4 5 11 20 24 33 43 21.5 19.75 18 21 22 19 24 32 44 25 21 17 21 23 32 31 31.5 32 23 20 16 22 38 30 8 18 25 33 39 35 35 31 12 7 11 32 26 25 25 23 10 15 21 18 17 19 12 6 6 15 16 14 16 14 12.5 11 15 12 9 11 16 14 14 14 14 16 21 37 31 27 22 13 19 25 25 14 15 6 10 23 24 17 21 20 26 32 38 42 47 40 30 30 14 8 9 17 22 30 39 39 27 18 17 7 14 10 8 11 13 25 48 25 19 36 19 20 23 11 5 9 22 15 20 22 11 16 22 30 41 43 20 9 16 55 58 33 41 22 15 39 40 58 51 27 21 12 18 21 18 32 48.5 65 65 62 59 65 99 73 17 35 64 52 22 17 31 53 64 49 57 76 101 117 164 99 41 37 42 16 12 27 39 46 36 57 83 80 58 72 93 114 129 137 134 146
"80197" 28 17 30 46 62 63 37 36 22 39 65 87 69 10 14 30 42 35 36 16 43 84 24 13 35 36 19 20 30 34 40 12 22 31 24 50 64 43 22 30 53 88 55 20 19 36 65 106 102 20 13 23 53 51 14 17 31 87 53 15 20 30 51 98 65 46 43 37 68 14 10 19 42 17 14 30 30 29 81 101 144 25 13 14 12 15 32 55 48 46 46 45 32 14 15 16 9 12 27 89 101 63 104 57 44 12 26 23 32 20 12 20 22 28 20 15 41 40 13 12 22 37 34 13 15 12 13 12 21 26 32 22 14 22 33 49 17 10 22 134 20 9 9 20 29 27 35 29 19 11 16 23 7 7 7 6 6 11 8 6 5 7 7 7 15 23 31 29 24 45 11 7 11 16 11 29 19 17 19 18 14 18 21 24 25 17 9 14 9 6 8 11 7 8 10 6 15 21 24 34 38 28 12 12 17 15 21 32 16 14 4 6 12 17 25 25 8 9 12 22 19 19 16 12 10 10 15 23 16 19 13 21 13 9 8 7 8 7 7 7 7 8 6 11 9 22 31 49 51 49 30 10 12 9 6 9 16 18 30 34 19 8 6 9 9 7 14 27 23 19 8 7 6 7 9 20 11 8 11 26 28 8 14 18 31 28 9 10 10 18 19 8 8 70 90 8 20 19 13 15 19 8 10 9 7 14 23 34 11 5 17 26 32 77 67 8 12 26 35 26 16 9 9 14 26 28 64 73 20 57 69 25 16 12 26 52 20 9 9 24 45 32 12 8 21 24 26 48 52 58 54 58 70 22
"80198" 97 73 87 53 82 85 65 43 79 83 70 62 32 14 26 33 47 43 43 62 89 90 40 51 41 48 60 36 36 42 34 61 18 44 49 53 65 41 48 31 24 27 7 10 28 38 57 68 60 76 82 46 43 48 66 75 29 40 46 62 89 60 57 42 36 35 45 41 32 41 33 25 23 41 40 15 31 32 21 14 10 14 39 19 37 51 46 47 35 22 32 33 22 13 18 20 19 29 25 30 43 118 68 36 59 38 34 33 41 17 24 23 18 18 29 24 16 21 38 29 28 27 32 18 11 23 21 22 28 33 23 25 30 32 32 29 15 19 14 36 52 71 50 26 23 34 3 15 29 28 27 28 35 32 41 18 9 19 15 25 25 22 32 30 29 27 28 20 13 9 15 23 28 12 6 6 10 9 8 7 10 14 13 8 9 13 12 11 10 3 12 13 15 14 17 17 18 16 20 5 5 7 4 6 13 15 11 8 5 3 4 8 10 12 13 17 23 21 21 18 23 27 28 26 17 17 23 29 27 32 16 8 16 12 20 26 37 28 14 4 16 10 18 18 22 31 27 19 22 25 26 26 34 37 28 3 13 17 11 16 18 21 7 10 9 9 22 30 28 35 43 39 18 23 15 15 16 18 14 11 17 19 29 47 33 35 27 33 36 36 34 50 16 31 25 33 79 50 8 14 20 25 17 15 36 53 46 46 28 37 23 22 30 25 27 53 17 42 58 48 41 54 30 20 38 51 62 52 44 36 37 31 56 8 34 44 39 11 27 18 36 57 78 34 40 35 35 40 40 88 252 201 138 87
"80199" 49 51 41 44 52 34 47 67 37 53 13 22 29 39 21 12 35 38 68 97 103 104 49 58.5 68 104 28 38 79 77 75 58 59 61 52 6 10 12 14 17 19 19 21 43 16 30 54 69 43 37 52 56 48 64 27 21 45 46 54 50 61 55 28 65 51 36 36 36 38 36 38 31 49 47 38 31 32 27 24 30 47 63 59 29 12 12 18 9 14 36 22 26 31 40 64 33 11 34 31 12 16 28 15 20 19 21 50 44 46 44 63 46 44 27 7 13 27 25 14 17 27 30 25 16 36 40 28 9 19 22 7 7 9 18 29 31 33 41 37 42 47 37 17 20 19 16 14 9 13 19 28 21 19 17 16 14 10 12 9 19 14 17 19 27 24 22 18 11 10 9 13 14 14 4 5 3 3 6 10 14 15 15 11 9 8 7 9 13 16 13 17 15 16 13 11 16 22 25 9 8 9 7 8 14 14 17 21 25 30 22 18 6 7 7 9 8 7 5 10 9 10 8 7 9 13 15 7 9 18 30 22 9 6 10 19 14 9 9 11 6 6 11 20 21 22 12 6 12 17 20 10 5 6 4 3 3 4 6 8 7 7 6 7 9 13 19 18 15 9 12 11 12 13 16 16 17 25 25 23 17 7 12 10 14 14 17 22 11 21 31 35 20 4 24 29 26 12 14 13 6 23 33 21 17 14 10 6 24 7 10 20 33 28 35 34 34 41 41 33 35 33 42 53 37 44 27 14 17 25 28 27 41 34 26 27 33 26 21 15 9 16 5 16 27 34 45 43 40 58 67 68 51 51 58
"80200" 97 71 39 58 79 99 96 63 80 23 47 52 42 21 25 28 34 53 47 45 42 78 33 33 21 41 48 38 37 50 48 60 16 28 59 67 76 37 72 24 25 34 19 28 20 39 56 63 96 83 47 23 27 48 43 53 35 49 60 78 63 48 68 73 58 52 54 54 50 35 38 25 34 49 21 14 36 35 58 75 21 55 36 27 43 56 47 35 35 50 46 41 19 23 23 33 34 25 34 46 79 90 47 50 55 48 35 32 46 41 21 19 24 17 25 32 43 38 28 28 31 27 22 20 21 31 19 21 30 31 35 35 41 37 37 36 23 15 15 29 47 93 32 22 28 42 21 16 19 19 27 25 29 30 24 12 20 30 20 27 25 22 21 26 29 30 38 22 8 8 20 29 31 32 11 15 9 16 12 10 17 29 25 13 9 11 16 12 12 9 11 19 24 21 15 18 25 15 7 14 9 21 7 12 16 20 17 9 9 7 7 10 15 18 16 14 19 18 13 17 20 24 29 33 20 18 16 22 28 24 23 18 18 17 26 31 23 23 13 4 15 21 19 16 26 23 15 11 11 20 30 25 24 31 14 6 9 10 15 23 25 33 9 10 14 12 18 22 15 32 41 48 16 19 12 12 17 21 11 7 12 22 38 28 26 19 35 36 40 43 56 55 20 39 40 52 44 32 13 21 37 52 15 17 45 24 32 53 53 28 24 34 48 52 52 76 11 20 50 48 74 62 18 28 38 57 76 73 52 43 32 44 51 14 37 46 27 29 36 13 24 47 39 32 24 31 54 61 70 121 153 119 143 128
"80201" 75 81 74 87 94 101 89 107 120 124 138 160.5 183 23 19 33 41 50 74 88 135 160 130 46 56 66 55 51 65 68 81 122 85 82 88 70 68 98 57 20 34 34 19.5 5 9 19 24 32 49 65 69 21 26 34 47 41 41 49 65 55 35 43 42 42 40 36 51 35 29 20 17 27 25 29 16 5 9 10 10 17 22 8 4 3 10 15 17 27 19 23 28 28 15 2 3 22 33 31 31 35 35 32 25 18 24 25 26 19 33 29 20 1 1 3 8 14 18 25 26 28 26 29 17 6 7 2 2 3 8 6 14 29 30 49 61 27 30 42 58 44 29 3 6 10 29 8 9 8 21 13 9 7 7 4 1 3 7 10 23 26 33 26 19 15 10 10 6 5 8 14 19 14 13 5 8 18 14 12 9 7 15 19 4 7 4 9 13 10 16 14 12 9 12 10 7 21 20 15 14 13 11 7 11 16 12 5 7 6 6 6 11 12 8 6 5 8 10 7 7 8 15 12 11 14 9 13 17 21 24 29 38 16 13 23 20 18 25 5 5 9 14 19 25 29 37 32 34 28 23 26 33 43 63 29 3 4 8 20 32 44 28 9 1 1 3 2.5 2 2 3 5 7 3 6 4 2 2 2 2 2 4 9 17 19 19 16 21 28 31 30 33 25 2 12 32 39 27 9 11.5 14 25 21 35 19 8 10 8 21 18 24 29 38 53 46 48 69 69 70 31 18 26 33 42 17 18 34 40 53 41 45 51 63 78 92 6 19 27 21 7 17 34 23 46 52 61 54 70 74 78 90 102 137 180 152 114
"80202" 22 21 29 28 78 180 66 39 14 19 31 20 28 8 9 16 32 29 56 11 62 197 41 8 14 33 17 15 28 22 64 26 15 28 62 95 120 40 41 28 60 118 112 17 20 30 27 68 52 15 10 15 29 81 22 12 41 47 64 31 14 50 50 29 58 42 69 69 55 20 10 20 38 17 12 20 54 49 69 48 34 47 13 23 33 59 64 72 55 69 61 42 41 41 103 26 8 16 42 50 55 38 49 34 68 49 31 32 32 27 17 20 20 20 29 8 20 36 21 14 16 25 24 9 15 15 18 24 20 22 42 32 31 25 28 34 25 20 23 38 77 38 23 43 11 28 13 21 26 16 16 22 13 12 19 32 22 32 25 13 27 16 15 17 13 17 16 23 25 29 8 17 18 21 19 14 14 19 19 10 15 23 11 10 9 20 26 25 10 24 28 31 19 10 22 8 7 12 16 32 37 25 8 20 25 24 16 5 11 5 16 14 18 17 17 16 11 8 10 25 23 14 9 17 9 14 14 41 34 36 36 26 9 15 10 18 13 11 15 10 8 9 13 17 21 20 18 39 25 22 27 23 28 25 14 7 16 17 8 13 33 13 6 10 19 13 15 8 17 55 19 14 7 7 8 19 19 5 12 18 17 18 22 29 32 24 20 10 7 12 33 5 3 146 67 12 22 18 16 15 18 27 6 9 12 13 45 77 31 7 14 22 10 26 62 18 5 11 41 49 10 11 11 14 17 20 74 107 54 41 74 25 17 22 29 68 63 19 8 13 27 47 11 12 14 38 28 34 42 14 38 67 72 57
"80203" 43 38 49 49 49 34 47 37 38 65 97 110 56 8 20 23 42 49 39 25 46 117 11 13 33 23 11 18 29 30 28 13 28 35 34 51 26 34 26 52 52 62 32 11 25 53 58 64 29 12 17 33 51 54 8 18 58 94 17 10 26 32 31 40 41 36 27 32 62 21 14 30 25 13 23 25 17 41 46 67 268 33 27 20 30 20 28 29 36 43 43 38 13 21 28 11 7 20 65 116 102 60 49 89 25 26 48 50 73 25 12 27 18 21 16 20 48 26 16 13 24 43 41 37 11 9 11 17 29 24 29 27 20 30 31 53 24 21 70 48 24 15 23 23 36 26 29 24 25 20 26 24 12 16 9 14 14 15 12 14 12 10 10 12 16 24 29 31 41 24 11 15 19 23 26 20 28 25 14 13 21 25 27 28 16 19 17 8 7 12 16 18 22 12 14 8 12 17 26 28 24 17 14 13 13 14 18 23 15 19 7 3 10 21 21 11 10 15 17 15 20 31 21 12 10 14 25 17 42 16 12 19 11 9 10 10 15 12 11 14 13 15 12 19 21 18 21 17 20 29 20 11 16 10 9 19 28 30 19 24 15 9 15 20 9 13 23 27 32 12 15 14 9 18 28 23 10 17 30 29 8 11 19 32 24 20 17 20 31 39 11 10 10 30 40 21 33 17 9 34 15 7 9 9 11 36 53 43 10 12 28 48 68 50 32 7 26 35 39 13 15 11 13 17 35 34 38 43 73 39 42 34 33 48 93 58 38 12 11 33 73 18 18 20 49 56 47 68 56 84 127 128 77 39
"80204" 21 24 54 54 60 77 82 56 14 32 54 36 31 6 10 27 45 30 53 15 41 140 67 13 32 34 19 44 36 30 54 25 20 33 67 83 101 17 21 37 54 71 71 29 16 32 48 56 61 18 10 24 31 47 20 18 45 51 36 27 16 39 70 36 33 46 73 73 58 26 9 16 15 13 18 27 70 98 76 63 77 26 12 20 26 45 58 53 53 73 70 63 58 51 10 98 8 15 25 22 31 33 34 29 47 50 42 34 39 22 13 18 17 17 27 11 16 18 11 19 18 19 22 18 13 12 18 20 20 23 26 29 22 24 17 32 9 9 17 19 29 15 17 20 15 18 20 7 18 8 19 13 8 11 17 29 12 20 11 12 18 6 11 18 17 20 12 14 22 22 14 7 14 12 17 16 11 12 14 18 23 15 10 14 16 13 20 25 22 8 21 15 14 11 10 18 9 14 16 23 27 31 24 8 13 14 6 5 14 9 6 10 15 12 12 10 8 5 7 10 10 10 6 3 9 8 11 15 11 14 18 26 17 7 18 7 8 11 11 11 3 5 10 14 16 17 20 21 11 15 25 26 23 17 7 7 15 15 13 14 20 9 3 6 18 13 17 16 16 26 21 11 12 10 15 15 9 6 19 23 18 13 16 15 21 31 25 17 9 18 20 13 11 55 33 14 26 22 13 15 22 15 9 11 20 35 41 58 41 13 37 27 23 25 21 22 9 15 21 36 17 18 13 35 29 20 39 50 37 28 41 14 8 11 28 42 44 27 15 31 47 36 19 17 51 58 60 77 50 36 64 65 60 74
"80205" 63 71 95 82 81 82 91 110 121 136 155 154 122 48 30 35 55 50 59 72 85 125 74 31 49 65 41 45 75 85 106 116 52 107 115 103 125 134 72 25 52 59 34 20 28 26 39 69 59 29 63 44 20 39 54 56 66 65 69 40 61 78 61 76 59 56 79 65 41 42 18 23 37 75 35 18 27 44 25 52 46 17 17 19 19 22 30 44 41 45 45.5 46 11 17 18 25 43 43 45 67 71 48 37 38 39 45 47 34 40 31 25 7 9 12 24 40 40.5 41 40 39 43 28 32 36 45 26 15 10 6 12 21 27 29 37 61 58 65 25 30 29 27 24 36 38 34 19 18 34 25 27 22 12 9 8 11 20 19 20 42 47 45 24 28 25 28 17 18 16 26 33 30 22 27 30 32 26 47 35 25 25 25 28 47 23 13 20 35 28 43 37 38 29 14 10 12 28 38 27 20 31 18 14 26 23 20 16 12 7 7 12 23 16 16 15 12 12 17 10 10 14 20 13 15 11 16 24 29 28 25 27 25 16 24 33 20 23 15 7 13 19 22 19 26 29 34 39 43 44 36 34 25 26 17 14 11 17 15 22 28 30 21 10 11 9 13 8 6 11 12 10 19 30 22 29 19 23 21 14 9 14 22 22 16 16 8 17 26 37 40 27 15 11 19 61 63 35 31.5 28 18 35 37 55 38 21 30 15 13 20 23 40 62 79 87 99 81 75 80 63 27 40 70 56 22 19 32 52 67 50 61 93.5 126 158 181 104 65 48 45 16 16 31 42 49 44 58 82 88 67 69 104 127 133 128 119.5 111
"80206" 141 92 142 206 253 156 60 105 38 41 76 133 91 10 20 65 55 61 54 14 76 193 78 13 29 47 32 28 42 65 111 18 23 51 91 97 108 63 64 73 122 87 89 27 31 19 62 81 120 27 28 24 43 50 49 31 66 59 69 68 38 75 104 94 94 104 80 64 43 31 10 26 36 31 29 34 46 59 65 86 158 58 37 31 41 60 48 47 37 51 45 43 41 23 15 27 13 28 43 45 186 159 84 65 65 30 50 39 43 32 11 11 35 24 31 23 32 34 21 28 39 31 35 18 14 14 17 21 27 29 29 35 19 35 43 36 30 29 38 50 48 17 20 29 25 39 26 19 33 33 40 24 16 22 19 19 22 24 13 16 12 24 17 24 19 28 29 42 27 11 19 18 17 22 23 20 16 22 19 16 18 23 29 34 13 20 21 23 13 12 22 14 20 25 27 7 10 24 28 39 22 20 35 36 27 16 27 30 21 10 8 13 21 21 23 22 14 7 17 22 34 24 27 16 18 19 24 26 32 28 35 25 17 19 15 9 15 19 13 17 18 19 36 29 43 49 55 55 46 51 46 46 33 44 19 8 12 32 35 36 36 30 14 12 20 9 19 27 38 49 40 46 23 15 23 28 33 15 29 30 41 34 28 34 58 99 63 74 16 49 40 12 6 59 80 35 22 17 12 24 48 47 9 26 38 43 76 117 31 14 39 58 82 101 183 18 9 33 73 105 18 15 32 44 51 71 102 145 117 61 62 41 10 21 41 65 26 23 15 48 50 69 17 30 74 155 127 120 111 38 92 164 174 101
"80207" 28 26.5 25 29 32 25 26 34 16 7 14 21 9 12 9 8 19 20 25 26 36 58 66 26 37 34 30 27 26 30 27 20 20 32 30 32 24 33 14 12 25 11 10 12 7 15 25 27 39 31 32 42 28 31 44 27 30 40 26 43 48 50 41 39 30 27 28 35 33 28 25 29 39 32 33 21 33 17 15 14 16 16 18 24 6 9 10 15 19 21 24 21 17 15 17 12 8 27 37 31 18 31 26 27 29 22 28 19 17 33 12 18 21 21 12 10 21 16 16 15 26 15 13 11 9 9 10 19 28 19 20 14 24 43 29 18 7 26 25 22 12 13 14 17 21 10 17 16 23 29 29 25 22.5 20 12 11 12 10 10 9 11 13 17.5 22 18 14 7 11 11 8 9 8 8 8 11.5 15 12 10 8 12 13 8 10 7 9 11 7 10 9 5 7 5 6 9 13 26 11 6 11 8 7 9 7 9 8 11 23 13 10 19 11 13 11 20 17 6 11 13 12 11 13 16 11 11 10 14 13 16 20 31 25 10 9 10 12 13 15 19 10 10 12 11 8 11 8 12 19 19 15 8 15 15 11 11 10 13 9 9 11 12 14 13 12 20 26 25 12 11 13 18 23 16 16 23 13 24 26 13 14 5 3 9 6 7 17 13 26 32 28 27 31 32 19 26 29 35 29 17 25 17 28 23 27 13 7 8 15 24 16 18 23 32 40 40 36 52 37 44 31 43 37 39 33 23 26 28 29 25 24 20 41 37 20 29 27 22 42 20 7 17 26 7 11 16 29 24 23 26 39 49 55 51 62 51
"80208" 139 24 58 92 158 205 53 92 16 24 57 44 50 10 10 41 55 56 57 9 92 165 41 8 27 48 25 32 34 49 90 21 25 43 78 101 101 93 40 32 101 132 77 13 20 10 49 86 91 25 13 10 41 52 28 27 52 66 74 26 25 68 100 90 103 137 71 68 50 26 11 22 30 28 14 25 35 71 65 45 123 69 16 13 26 40 44 60 50 43 30 26 33 30 21 42 12 19 41 37 107 111 81 49 62 43 33 29 27 38 18 15 22 20 28 16 35 34 18 22 29 33 28 8 11 11 10 19 21 11 27 33 19 35 53 37 34 25 30 64 91 37 20 27 23 42 19 9 24 18 26 23 14 18 26 27 23 27 18 13 14 17 13 7 10 27 28 33 23 14 21 12 25 29 35 13 11 17 23 11 16 20 20 28 18 22 21 22 20 18 22 13 20 22 27 9 12 13 15 32 30 14 7 24 33 23 31 18 5 7 7 11 12 15 24 23 18 5 7 11 11 8 12 26 8 15 31 35 34 39 41 28 18 14 9 10 23 17 9 8 8 15 26 20 19 38 37 31 36 20 28 18 30 62 28 3 6 16 26 33 34 24 3 9 22 5 19 20 35 38 27 23 15 19 30 26 30 5 20 46 42 36 14 17 31 57 21 32 7 39 46 31 3 79 67 18 11 11 9 16 35 36 4 14 13 18 50 101 49 8 19 36 28 58 115 54 3 15 51 72 6 7 11 21 52 48 96 145 71 64 70 24 7 8 18 30 21 10 8 32 50 52 11 13 43 85 123 85 66 17 51 180 220 91
"80209" 160 97 109 90 61 123 105 62 119 217 92 51 38 15 13 19 36 47 68 82 92 119 106 50 34 48 73 71.5 70 66 45 94 37 39 104 122 131 149 63 38 25 19 11 7 37 57 63 81 60 66 66 48 33 49 33 43 59 36 52 94 103 69 80 71 45 53 69 68 52 25 21 19 29 45 41 10 21 33 52 12 35 34 37 20 29 49 53 81 73 45 49 37 16 7 10 23 34 31 33 34 46 68 43 31 54 39 32 25 36 42 19 14 7 5 21 22 22 24 53 41 36 29 22 14 7 12 18 20 24 23 26 40 43 52 55 50 11 21 36 49 33 25 38 21 30 14 18 16 16 11 9 23 33 14 28 5 15 21 17 25 25 33 36 19 22 31 28 18 15 2 11 17 17 11 12 10 14 9 9 9 6 16 15 14 8 4 7 7 9 5 9 12 15 13 7 13 24 20 12 11 7 9 2 10 12 20 12 5 3 1 7 9 7 11 15 19 21 24 14 12 14 16 24 24 15 18 20 27 29 22 20 17 22 9 13 20 29 33 8 4 17 17 25 17 18 25 25 18 11 17 17 24 29 27 14 3 7 12 18 21 20 20 6 1 5 5 9 8 10 20 20 33 8 17 23 7 12 12 12 9 8 20 22 32 36 42.5 49 49 46 46 51 47 13 52 41 59 52 50 36.5 23 24 19 25 23.5 22 48 56 60 43 38 41 47 48 43 47 40 27 36 56 61 66 56 40 41 42 60 66 81 69 62 51 27 45 12 39 33 6 15 11 16 18 26 46 58 40 43 56 60 60 115 185 216 188 92
"80210" 25 28 31 35 36 33 36 37 15 8 10 20 13 13 7 6 18 23 27 28 39.5 51 63 24 41 35 29 28 14 24.5 35 25 24 32 38 25 32 36 16 20 22 15 12 12 6 14 27 48 53 43 30 48 35 45 59 24 31 49 30 50 48 50 53 52 29 27 25 38 35 31 28 28 45 31 34 29 38 20 17 17 24 21 17 21 6 8 13 11 12 11 23 26 18 16 17 17 8 29 40 20 10 5 2.5 1.25 0.625 0.3125 0.15625 0.078125 0.0390625 0.01953125 0.009765625 0.0048828125 0.00244140625 0.001220703125 0.0006103515625 0.00030517578125 0.000152587890625 7.62939453125e-05 3.814697265625e-05 14.0000190734863 28 18 15 12 11 11 9 16 32 20 23 13 23 34 31 21 13 25 26 24 16 17 16 18 22 12 13 17 22 32 29 25 28 16 12 11 12 9 9 11 15 16 19 22 21 19 15 7 11 10 11 9 9 8 11 10 15 17 9 10 13 9 9 7 8 9 9 7 10 6 7 6 6 9 12 28 15 6 9 11 8 12 11 10 10 8 27 16 12 17 9 11 11 16 20 9 9 11 11 9 12 16 16 12 9 14 15 18 21 30 25 15 10 10 10 12 15 18 11 12 9 11 12 13 10 14 19 20 19 6 6 12 6 7 11 9 10 8 13 13 12 14 13 16 23 30 15 13 15 21 23 22 20 25 14 25 30 19 14 10 6 6 7 7 20 19 30 35 29 30 31 33 16 32 38 41 27 19 21 15 35 32 32 12 6 6 13 21 14 16 23 30 48 54 47 66 43 51 43 54 37 56 33 31 26 31 32 19 22 23 53 43 23 26 25 24 50 44 7 13 23 7 15 16 35 30 28 25 47 59 63 63 45 63
"80211" 17 23 21 16 16 19 27 33 23 28 22 19 33 22 1 9 24 24 29 28 48 67 22 12 26 15 25 23 26 26 22 33 26 19 13 27 46 20 5 9 19 10 22 22 10 28 21 19 28 58 94 9 9 21 26 45 24 7 15 25 47 22 26 35 28 23 23 37 30 21 23 21 18 21 30 25 17 18 29 43 45 24 13 6 13 27 24 20 17 17 19 23 21 36 24 15 9 29 7 11 33 44 64 58 29 37 47 40 8 13 10 26 32 30 14 15 25 29 38 13 22 17 22 20 9 16 6 12 14 14 17 26 37 50 50 34 25 17 23 14 25 16 24 29 29 28 18 7 3 6 6 9 23 24 23 26 22 13 10 4 10 17 17 21 18 18 18 10 13 13 18 18 12 16 11 12 5 10 14 9 5 5 5 6 8 11 19 20 23 32 26 16 9 13 10 5 4 4 9 9 10 13 11 11 14 3 3 5 3 3 15 15 14 14 14 15 25 28 29 13 13 13 12 8 12 16 11 15 19 12 2 9 16 10 9 16 19 6 6 14 13 3 5 10 8 4 3 2 5 13 10 10 11 16 13 14 27 14 24 32 17 4 10 12 6 6 7 7 9 12 12 13 15 12 12 11 18 8 8 3 5 8 12 12 10 13 19 31 27 29 25 24 15 7 12 16 15 26 29 10 12 18 15 1 2 8 16 22 11 18 21 22 22 17 16 19 55 5 9 25 30 24 39 27 22 26 23 13 17 19 26 37 38 50 16 14 13 37 2 14 17 5 5 26 21 19 23 25 30 24 20 25 37 54
"80212" 68 56 56 68 80 101 143 64 39 37 40 28 32 7 22 45 36 33 40 18 32 147 41 17 29 37 46 42 33 42 51 27 32 51 68 68 62 40 49 51 80 101 87 44 33 26 58 95 85 25 18 43 39 51 21 48 48 62 38 22 23 54 68 80 72 70 47 67 65 16 13 26 35 16 23 44 60 62 78 61 62 35 21 35 34 50 56 70 84 80 68 65 59 92 212 104 5 20 40 43 51 44 103 71 55 44 45 29 31 24 31 31 29 29 27 18 27 24 16 24 22 18 22 24 22 11 20 26 20 25 29 35 29 21 30 36 19 12 15 87 57 21 21 23 22 25 22 26 19 14 22 22 16 13 19 14 19 20 18 14 12 20 28 25 29 31 18 31 29 38 18 14 17 11 17 16 20 23 21 26 26 20 23 17 20 17 28 18 16 13 18 13 17 18 10 11 9 18 30 40 50 45 26 6 21 18 14 9 9 9 8 20 34 19 22 21 6 4 9 10 10 7 9 20 5 6 11 23 29 19 38 24 18 19 10 7 9 14 9 10 4 8 16 20 20 18 33 27 9 13 28 25 21 16 9 8 12 13 18 35 24 12 6 13 19 13 13 16 17 41 25 14 16 19 20 18 9 15 30 33 29 22 27 37 47 40 44 29 33 37 29 23 8 27 50 18 59 58 24 24 29 30 20 38 54 63 63 75 43 16 41 35 28 44 43 12 13 26 51 63 25 20 25 44 33 29 66 89 49 29 43 11 13 17 46 72 34 18 15 35 55 43 46 66 72 68 97 84 53 58 75 80 64 66
"80213" 41 53 46 34 34 43 45 48 36 72 76 39 9 12 14 23 30 40 51 59 60 133 54 54 36 49 46 35 38 37 33 40 42 22 18 26 22 50 19 14 29 14 15 9 22 33 30 35 42 52 76 35 30 46 40 44 55 27 37 35 58 54 68 51 41 37 48 52 41 41 37 27 25 29 43 25 16 8 9 20 14 20 14 18 24 35 34 34 27 31 28 27 20 14 17 15 21 25 26 31 30 29 22 30 34 31 26 20 13 30 27 19 10 8 16 13 18 21 44 46 34 21 17 14 10 7 15 20 22 33 29 35 31 32 26 28 22 17 29 31 12 30 33 28 20 17 16 18 21 32 21 25 30 34 34 25 28 19 11 13 11 19 32 30 32 39 14 13 8 9 11 9 15 12 5 8 11 8 6 7 13 18 13 8 8 11 13 12 14 16 17 15 15 15 19 24 22 20 15 11 8 12 11 8 15 12 18 9 6 8 9 9 10 20 17 20 26 27 27 17 16 25 30 16 11 16 23 25 28 34 33 17 18 10 13 22 28 20 10 7 16 13 9 15 21 27 29 23 21 23 20 17 25 18 12 9 6 9 11 15 15 15 17 14 17 21 26 32 35 40 40 47 42 22 23 32 28 21 17 9 8 14 24 26 33 34 44 45 39 34 34 31 13 29 19 27 34 32 12 19 18 19 16 10 15 36 35 36 25 30 26 27 27 27 23 34 36 28 42 44 43 39 41 21 30 34 44 31 38 29 24 22 25 23 13 22 20 11 26 18 18 24 33 44 26 34 30 36 43 50 63 112 122 99
"80214" 22 20 29 51 105 105 71 62 25 65 79 65 17 7 14 23 37 41 40 15 44 84 16 13 56 37 33 30 29 44 42 11 28 68 37 65 39 32 39 66 76 120 41 10 11 34 82 104 58 20 11 18 60 29 10 22 60 101 43 20 34 61 143 124 82 117 22 62 90 9 9 41 65 16 18 42 57 69 97 93 57 38 17 33 26 53 58 85 85 97 70 46 29 20 43 24 11 19 53 63 52 59 80 58 40 26 34 24 25 16 21 37 23 34 25 15 45 23 15 14 19 32 25 24 15 14 15 21 8 31 46 43 20 28 39 35 18 19 45 114 57 27 21 44 30 32 31 26 12 16 26 34 7 10 11 11 16 16 10 11 10 13 22 18 25 17 30 31 18 19 9 21 17 29 22 16 15 19 24 27 18 12 21 14 14 17 31 19 10 24 19 35 57 31 12 5 2 15 27 36 55 40 19 4 22 27 26 20 17 11 10 21 23 24 32 29 6 5 8 14 10 10 6 8 8 16 22 29 24 31 36 41 21 11 12 13 5 6 17 9 6 12 23 18 16 20 39 21 18 30 33 21 26 17 6 14 20 20 25 30 24 6 7 14 13 12 25 21 21 22 11 21 10 12 18 20 4 13 18 15 31 15 28 39 43 44 32 9 10 30 13 6 5 11 47 6 31 55 18 20 45 11 8 15 13 37 51 70 14 8 22 22 36 54 29 4 6 34 29 26 14 6 9 20 28 42 46 80 18 46 46 12 8 13 19 28 19 9 6 27 74 44 12 15 50 65 85 74 31 49 74 104 109 15
"80215" 182 132 86 129 130 172 111 87 182 48 102 111 104 36 19 43 44 66 58 67 67 208 103 43 30 63 81 57 60 68 70 82 22 39 78 80 99 59 78 35 38 42 15 34 32 51 71 84 105 74 71 30 39 61 67 57 38 50 69 87 79 76 76 63 44 47 58 65 40 39 18 20 27 47 27 18 33 67 77 94 96 203 76 41 60 67 51 54 43 32 44 42 19 14 11 31 36 36 30 32 132 138 64 55 65 39 32 34 33 37 17 17 20 19 23 16 22 22 45 50 43 31 21 19 11 13 16 29 30 26 20 30 29 29 31 30 19 36 13 23 38 22 23 21 21 35 14 14 9 15 19 27 24 23 18 11 9 12 15 17 25 21 23 25 20 20 25 26 5 6 15 27 29 17 13 5 7 10 9 8 14 18 12 12 5 8 12 9 14 11 11 9 14 14 11 14 16 13 11 9 9 10 7 11 14 16 13 14 6 6 5 10 13 12 14 15 16 11 12 14 18 32 33 21 9 15 20 18 25 19 21 17 17 17 28 31 26 27 10 11 16 22 28 20 31 34 20 15 16 19 32 30 36 36 28 22 16 20 17 23 26 15 13 10 15 12 18 16 38 44 36 26 25 33 17 20 26 25 19 19 20 19 40 44 43 51 37 29 28 29 41 45 26 35 43 69 53 34 14 26 35 67 23 26 58 43 54 63 38 41 43 43 96 47 61 56 23 33 55 56 54 59 24 43 44 65 62 55 44 37 30 64 51 31 51 52 28 33 21 24 28 52 63 38 41 42 85 68 71 197 192 176 150 152
"80216" 32 38 39 40 31 35 41 48 27 17 31 25 13 13 9 19 28 27 31 31 55 206 48 45 41 39 36 29 26 30 24 29 41 36 14 10 11 9 17 10 10 15 32 14 10 23 32 35 33 37 59 46 32 36 41 29 57 41 42 41 40 53 49 43 38 39 43 34 37 33 26 26 28 39 43 26 11 25 23 20 19 14 7 6 20 18 20 18 16 32 41 29 21 14 12 13 16 32 36 33 25 22 21 23 20 33 25 22 11 23 29 16 12 8 8 12 19 26 18 32 34 27 13 9 14 14 12 24 21 28 12 17 26 35 36 33 14 16 23 25 17 12 22 26 31 17 10 14 22 26 23 21 27 22 15 11 15 16 8 7 15 23 27 32 19 24 10 12 6 8 9 11 13 8 8 9 13 7 6 6 11 15 10 7 8 9 11 12 14 15 14 13 12 15 17 25 21 12 10 9 8 12 16 11 13 14 10 11 8 13 12 10 10 13 17 25 20 16 19 16 14 17 12 10 16 17 17 18 15 20 26 24 12 11 16 13 19 10 8 12 11 21 18 21 23 29 24 26 10 10 14 16 9 9 7 8 8 8 7 10 12 14 19 22 24 22 21 26 29 30 27 26 30 32 26 28 37 23 26 14 14 14 12 25 27 35 44 43 35 39 36 37 10 30 32 33 41 41 17 15 25 38 14 10 12 25 35 37 21 26 26 31 31 31 37 38 38 47 43 40 36 45 46 30 23 25 14 20 22 32 41 45 35 31 10 21 25 14 14 25 16 13 29 34 33 33 34 32 38 41 48 61 66 70
"80217" 72 78 93 85 89 81 79 95 103 118 143 173 162 33 20 27 28 44 52 65 114 229 132 57 71 108 119 97 90 86 97 135 156 114 126 81 91 122 96 54 42 33 33 8 11 19 28 36 49 83 70 31 26 33 45 56 49 49 69 79 46 53 54 64 70 61 65 60 32 28 27 28 30 44 29 16 22 22 22 32 45 25 8 12 17 21 35 42 32 38 51 36 28 9 10 25 46 50 41 47 51 50 48 46 36 35 35 53 48 39 41 13 6 8 18 29 27 29 36 38 34 35 31 25 15 14 6 10 16 13 22 37 44 53 58 24 25 35 48 44 29 8 14 19 35 51 28 32 25 29 18 14 13 9 7 8 12 18 40 46 45 30 30 26 27 28 12 14 17 22 30 19 23 25 16 15 19 19 13 13 24 34 11 9 11 16 20 20 33 24 26 15 20 19 13 23 26 22 20 26 18 11 15 16 19 24 21 12 12 19 18 19 14 12 8 14 13 13 16 13 16 18 17 17 12 14 18 20 25 40 36 39 41 35 36 39 34 11 9 9 17 23 29 38 48 37 41 40 30 28 31 33 50 41 7 11 17 22 28 34 47 31 9 6 7 6 8 6 10 13 14 12 9 15 7 9 9 6 6 8 12 24 22 20 16 19 28 28 40 49 38 8 13 30 42 54 18 28 23 30 37 48 33 16 13 14 18 22 29 33 49 60 54 68 100 94 107 49 27 30 46 59 30 21 29 38 36 41 58 61 90 98 129 58 18 28 39 16 23 42 44 64 66 65 74 91 95 86 115 118 155 198 155 121
"80218" 44 39 50 66 58 53 73 64 80 103 116 110 88 44 24 29 37 48 56 72 73 102 42 31 48 33 18 28 39 65 69 51 49 70 68 55 55 57 45 25 33 33 23 19 21 19 30 33 33 20 39 14 14 21 28 44 47 58 41 20 38 35 39 40 45 36 30 45 44 39 27 27 28 36 13 12 13 17 13 16 61 14 16 13 18 18 22 20 26 25 33 26 8 11 17 46 37 35 34 42 45 33 21 22 26 33 30 27 26 140 44 6 9 8 14 20 25 29 28 27 36 29 14.5 7.25 3.625 5.3125 7 7.5 8 12 16 20 28 38 41 44 32 16 36 32 23 9 17 17 17 10 8 7 8 9 8 7 6 5 6 10 14 20 24 38 37 25 17 13 17 17 15 7.5 19.25 31 31 19 15 17 17 15 22 24 19 17 18 20 7 7 10 12 15 17 19 15 19 17 15 6 3 1.5 0.75 0.375 0.1875 0.09375 0.046875 0.0234375 0.01171875 0.005859375 0.0029296875 0.00146484375 0.000732421875 0.0003662109375 0.00018310546875 9.1552734375e-05 4.57763671875e-05 6.50002288818359 13 9 8 8 8 8 8 7 12 14 10 8 11 13 12 13 42 15 10 11 17 17 7 8 11 5 9 7 15 14 12 16 15 16 18 21 19 18 20 17 7 5 5 9 12 20 24 26 11 5 4 5 9 6 3 4 5 7 6 5 9 10 4 6 4 4 4 6 10 12 21 15 10 14 14 18 30 24 8 11 19 30 28 13 12 15 15 22 22 26 22 21 22 19 13 19 17 29 33 51 55 47 37 43 64 18 24 35 34 25 26 32 31 37 44 52 48 48 62 46 44 27 23 12 10 15 13 26 25 45 54 43 43 53 48 54 60 72 80 62 91 118
"80219" 26 27 32 35 33 29 31 37 14 6 13 21 13 14 7 10 21 23 27 28 36 60 69 28 45 39 31 29 28 32 35 24 26 38 40 27 29 32 18 21 22 15 12 12 7 17 29 41 43 38.5 34 47 34 44 54 28 37 49 35 50 49 60 50 45 34 29 33 42 39 32 31 31 46 35 38 30 42 21 19 17 22 22 16 19 5 8.5 12 11 12 10 17 24 19 18 17 15 9 31 38 32 31 30 28 34 30 30 26.5 23 20 17.5 15 21 22 18 10 10 24 20 13 17 31 19 16 12 13 13 10 19 30 23 20 12 24 33 33 23 11 29 24 25 18 19 15 17 23 12 18 19 27 36 30 28 32 18 14 13 11 10 9 10 12 14 17 24 20 16 12 8 11 10 14 12 11 9 11 12.5 14 13 9 15 15 11 10 7 9 12 10 12 12 8 9 9 10 12 16 31 15 6 11 11 9 16 13 11 9 13 27 15 12 17 10 12 11 20 22 10 12 14 15 12 17 18 10 16 14 17 15 22 22 29 27 13 13 13 13 12 14 17 12 11 12 11 10 13 12 13 21 22 16 5 9 12 10 10 11 12 10 6 10 12 14 16 17 23 27 30 14 13 16 22 27 19 20 26 13 27 32 18 16 8 7 7 6 10 20 19 32 35 29 30 28 29 14 29 34 39 34 21 23 17 39 30 30 11 6 8 16 23 15 20 23 29 41 40 40 51 37 49 42 50 38 46 33 32 26 31 29 20 23 21 38 39 23 30 26 25 40 38 8 19 23 6 16 20 36 27 25 22 36 51 50 51 56 53
"80220" 52 53 56 46 60 62 60 57 15 22 12 10 15 25 9 23 31 42 52 61 91 140 47 48 51 51 29 34 55 74 73 51 60 52 29 9 8 6 15 15 11 23 23 20 16 32 40 54 60 45 40 56 81 88 41 34 33 55 59 62 65 82 65 76 50 44 38 49 52 34 43 27 57 70 50.5 31 46 54 48 31 42 52 33 13 6.5 12.25 18 9 13.5 18 21 30 24 31 47 21 15 37 41 21 27 43 31 34 32 46 49 43 27 40 54 26 29 12 11 18 39 42 25 33 39 26 18 15 29 33 19 11 21 27 8 12 17 21 30 24 27 41 39 23 30 27 18 29 20 18 14 18 16 28 33 28.5 24 21 15 15 12 9 9 9 11 19 19 23 25 27 18 15 14 14 13 12 13 6 9 7 9.5 12 13 14 11 16 22 13 13 13 8 10 11 13 15 13 20 14 17 31 23 25 8 12 13 13 16 14 16 19 25 38 37 21 19 11 13 12 12 6 5 7 8 8 10 16 12 14 13 17 15 18 16 17 19 15 14 12 19 12 13 14 15 5 4 17 23 23 20 5 12 18 25 13 11 6 5 5 7 9 3 4 8 16 11 12 15 12 24 25 32 20 20 29 26 26 26 29 22 19 23 27 14 20 14 17 7 4 10 27 41 32 31 32 33 16 3 35 47 43 37 22 23 17 31 29 22 23 9 4 15 20 10 24 31 45 56 55 56 62 51 48 56 46 47 56 36 54 41 31 15.5 7.75 3.875 1.9375 0.96875 0.484375 0.2421875 0.12109375 0.060546875 0.0302734375 0.01513671875 0.007568359375 0.0037841796875 0.00189208984375 0.000946044921875 0.0004730224609375 0.00023651123046875 0.000118255615234375 5.91278076171875e-05 2.95639038085938e-05 1.47819519042969e-05 7.39097595214844e-06 3.69548797607422e-06 1.84774398803711e-06 9.23871994018555e-07 4.61935997009277e-07 2.30967998504639e-07 2.30967998504639e-07
"80221" 19 18 24 53 31 32 57 55 66 59 46 25 28 54 9 20 23 33 32 43 52 39 33 42 44 51 46 26 50 63 76 88 36 26 21 23 23 21 10 18 21 25 29 12 16 30 39 39 28 32 42 33 11 12 19 30 40 41 56 66 44 25 35 40 46 32 26 27 33 47 29 17 32 46 28 39 17 12 19 30 36 15 10 14 17 23 21 23 31 28 29 42 39 38 21 10 12 30 40 24 44 39 50 28 23 23 36 35 15 22 36 63 18 8 13 22 21 34 21 24 27 27 20 21 25 15 6 14 9 12 9 20 32 45 33 19 38 24 34 27 34 18 21 29 21 18 17 17 15 18 21 12 21 13 19 17.5 16 21 22 19 18 26 24 24 19 20 16 14 17 10 5 4.5 4 15 14 15 15 6 7 11 15 13 13 11 7 10 9 9 13 11 9 11 13 13 8 19 18 12 13 4 9 8 13 10 15 17 18 18 15 10 14 11 6 6 6 10 13 11 8 7 5 8 9 10 13 14 7 10 10 16 20 24 11 18 9 5 4 7 4 12 9 10 15 16 23 20 7 12 14 16 15 14 13 13 4 6 13 17 18 10 6 6 12 8 9 12 16 13 16 17 22 14 16 11 14 16 19 11 5 4 5 10 13 20 14 9 13 18 20 23 23 21 13 27 25 34 27 20 17 14 9 21 9 11 4 9 18 10 16 28 38 56 56 24 30 66 55 34 25 35 23 34 30 26.5 23 26 21 34 34 41 26 38 19 17.5 16 14 18 26 21 16 11 25 26 26 36 57 60 62 35 59 54 58 58 57
"80222" 61 79 64 74 75 79 78 55 41 52 99 70 24 20 11 23 34 34 47 45 56 90 55 49 46 53 41 40 54 57 54 57 47 46 14 14 14 15 14 13 16 20 25 6 24 34 35 56 86 45 57 69 65 83 52 44 47 65 66 70 72 92 61 47 58 74 80 63 53 62 36 35 52 63 84 41 24 16 29 53 51 13 7 8 32 25 32 40 35 36 36 25 20 30 8 12 25 37 48 34 37 33 45 30 34 46 60 49 31 23 31 20 4 8 12 21 39 47 22 48 36 33 18 15 22 26 6 19 34 19 8 19 36 38 31 31 28 24 25 29 31 13 22 25 25 18 12 14 22 27 25 27 22 30 23 20 18 18 14 12 26 28 27 17 16 32 25 10 10 8 11 13 5 5 10 4 8 11 12 12 15 19 17 11 8 8 9 10 14 13 12 13 14 14 12 15 18 26 15 13 10 11 13 17 17 18 23 20 13 13.5 14 13.5 13 10 15 19 12.5 6 10 8 8 13 10 12 11.5 11 10 10.5 11 13 24 15 9 19 16 13 9 11 11 6 17 25 23 24 23 18 10 26 23 14 10 10 7 7 8 6 6 9 13 13 9 8 10 18 12 18 26 23 24 28 23 26 18 33 30 23 29 10 19 19 18 17 11 19 29 42 47 29 30 34 35 21 6 32 37 39 30 21 8 13 30 42 9 4 4 7 19 30 18 26 26 30 35 37 51 54 47 44 57 58 42 52 63 57 40 20 18 25 32 35 41 65 48 20 11 41 61 31 11 21 14 17 35 34 38 32 35 46 59 62 66 80 103 107
"80223" 127 114 153 148 214 103 90 107 75 68 102 133 122 14 29 46 40 49 47 20 65 128 116 13 35 57 41 21 22 64 88 28 21 58 90 109 174 138 86 82 108 61 70 45 38 48 82 100 172 21 42 23 38 70 108 64 82 58 82 51 46 46 47 82 100 108 73 43 37 47 18 29 45 34 32 27 54 56 63 78 288 124 51 53 60 63 56 43 50 39 45 54 55 20 12 21 19 36 45 47 175 189 95 125 92 31 50 59 57 44 10 16 22 17 22 32 24 47 30 25 34 32 53 28 15 14 15 20 19 29 32 33 26 36 40 39 41 33 53 43 31 10 19 23 37 64 20 17 26 34 42 18 14 25 12 30 21 19 12 17 13 29 27 28 21 26 25 26 27 11 31 21 22 18 21 25 20 17 19 17 18 22 28 26 18 21 25 26 19 18 25 24 12 22 29 9 10 20 34 31 17 16 27 38 31 15 18 27 22 9 6 10 14 16 20 21 10 12 15 28 31 34 40 20 24 18 20 28 36 32 41 35 41 31 22 12 29 7 7 12 22 21 34 38 47 38 51 52 53 48 40 41 39 50 27 16 20 32 34 34 29 29 10 16 20 25 18 36 46 41 86 31 22 19 17 28 51 26 19 27 46 30 27 51 77 103 96 46 45 67 49 13 10 90 242 72 46 25 9 34 88 68 11 33 43 52 87 121 16 16 47 62 98 155 204 23 16 31 66 67 44 22 33 33 38 62 91 125 61 54 58 70 19 36 68 81 40 49 15 59 117 165 63 35 81 90 79 100 107 42 80 139 207 89
"80224" 111 93 84 129 130 145 135 139 135 185 263 269 154 29 28 45 65 80 92 114 154 222 70 30 63 71 41 57 75 94 106 150 101 68 96 99 112 115 93 35 37 51 18 21 26 29 48 64 51 26 58 32 29 33 44 51 74 94 82 42 52 47 54 52 51 48 34 35 43 35 36 41 37 42 23 12 18 19 26 23 80 17 25 20 19 24 25 26 27 30 38 39 19.5 16.25 13 47 48 39 31 40 59 59 42.5 26 25 40 39 32 35 127 49 4 6 12.5 19 25 29 38 43 41 39 33 30 33 37 13 8 12 21 17 19 27 27 31 34 33 33 25 33 42 15 9 14 17 38 24 11 10 6 12 15 12.5 10 9 9 17 23 34 33 33 31 35 16 16 18 26 13 10.5 8 22 34 36 25 20 15 16 22 21 19 21 19 14 13 9 13 17 20 20 27 22 19 20 18 5 12.5 20 16 14 18 19 26 19 23 19 20 17 13 8 7 10 9 9 11 12 11 10 12 7 6 6 13 18 15 7 13 14 16 17 36 28 23 10 20 17 9 10.5 12 7 13 6 12 12 13 19 24 24 22 20 19 26 27 25 17 10 9 14 15 20 23 27 18 6 5 6 9 9 4 5 3 4 5 10 10 9 4 5 6 3 3 5 11 21 28 25 19 25 21 20 28 36 21 6 14 41 47 20 12 16 16 36 43 40 42 23 22 36 33 22 25 36 54 58 67 77 62 49 43 28 54 80 72 69 34 40 52 58 66 79 81 83 89 106 89 11 21 12 12 15 24 37 34 62 72 74 85 114 107 96 100 96 126 157 146 111
"80225" 90 82 49 46 63 51 49 49 67 41 35 41 22 7 15 31 43 41 50 58 37 76 29 34 35 37 41 35 33 34 36 55 17 35 24 39 48 21 48 18 26 26 13 14 24 33 49 56 57 88 47 31 20 35 43 49 21 34 32 51 62 50 69 70 47 46 47 36 39 37 37 26 30 40 35 13 33 33 31 24 27 13 29 20 33 47 56 32 23 33 36 34 22 19 21 26 23 40 34 32 37 72 51 36 39 40 46 35 20 12 22 22 30 17 23 25 35 35 31 31 29 15 21 25 13 25 12 23 24 30 22 27 29 31 31 31 13 13 17 38 46 23 32 24 30 46 34 22 33 51 31 23 32 38 30 34 21 24 20 22 31 31 21 25 22 29 40 23 29 13 10 24 40 14 10 7 10 12 12 13 17 12 16 14 10 11 14 14 14 18 18 25 25 22 22 23 17 12 13 20 7 10 7 9 16 15 8 7 6 8 10 11 12 13 13 15 16 25 24 18 22 22 37 36 34 27 15 21 23 22 14 15 13 15 12 20 25 17 12 9 8 6 19 15 21 32 14 15 21 20 22 24 27 34 36 18 11 10 9 15 28 24 14 10 12 9 21 26 40 34 41 25 18 14 8 19 14 14 10 10 14 23 32 29 25 28 25 29 37 52 49 47 16 33 27 34 47 41 8 25 36 36 17 13 23 28 38 67 38 24 23 31 47 48 36 58 16 25 42 45 40 54 22 19 42 76 80 36 33 39 30 31 60 14 20 48 33 20 24 24 23 26 53 31 27 40 48 53 78 92 129 148 139 113
"80226" 107 120 76 67 89 104 92 53 92 42 60 50 31 27 25 26 33 40 45 60 58 48 34 42 24 49 61 45 36 52 41 59 13 31 62 62 73 38 63 28 27 39 12 19 22 31 56 67 68 78 57 29 28 38 36 44 29 41 55 67 67 47 60 55 36 37 55 54 44 30 28 16 25 42 23 9 24 39 51 50 24 64 31 18 36 52 45 40 30 34 39 39 22 21 16 26 30 26 28 30 61 102 51 46 54 45 40 31 43 37 22 17 18 17 23 24 30 26 40 36 35 29 28 23 17 25 22 18 25 29 46 35 39 40 42 34 24 24 17 37 58 66 36 27 30 39 12 15 27 18 24 32 36 31 31 16 22 25 21 27 29 24 26 33 26 30 33 29 13 12 17 28 29 29 13 17 13 16 13 14 15 23 25 15 10 12 20 15 11 10 14 21 23 24 17 18 25 17 18 16 9 11 7 11 16 23 23 14 8 7 8 11 16 16 18 21 23 21 18 16 20 28 35 29 23 22 20 25 28 24 24 22 21 19 26 29 28 29 20 10 20 24 22 17 26 31 21 19 16 18 29 29 29 35 20 7 10 13 25 26 24 32 11 11 13 12 24 27 28 40 43 44 21 29 12 14 18 25 11 9 15 21 41 33 29 25 37 32 35 40 45 71 22 40 27 42 70 53 10 18 31 36 22 14 50 34 37 50 41 24 26 30 43 40 31 53 13 21 50 51 61 64 21 25 34 51 65 66 44 44 40 28 47 11 44 45 24 22 27 13 22 54 63 29 29 36 47 52 59 129 233 158 136 101
"80227" 21 28 22 42 60 33 36 46 90 70 78 29 25 20 1 18 17 17 28 42 50 78 24 46 48 57 30 40 55 61 64 76 70 14 10 12 14 13 9 8 10 18 35 10 8 25 48 77 79 24 35 62 34 23 4 21 34 46 58 56 46 44 29 41 68 59 51 32 38 39 38 22 39 64 37 31 28 10 22 34 41 52 13 9 17 14 26 24 30 37 40 25 32 46 39 7 15 34 43 19 12 25 26 29 21 24 41 31 15 19 33 40 36 5 4 14 26 23 14 30 32 25 20 17 28 25 6 5 17 13 5 10 18 20 29 30 31 23 20 32 38 26 8 18 29 20 15 10 13 20 26 29 21 20 16 14 9 12 10 18 23 22 28 14 11 21 25 13 11 11 12 13 7 10 5 5 5 6 10 18 18 14 12 11 12 10 10 13 13 14 12 14 16 13 19 9 18 21 11 9 12 10 13 18 16 20 24 28 21 20 16 11 11 11 8 16 11 6 6 8 10 13 12 10 14 9 13 11 14 14 18 14 9 9 6 8 13 14 12 5 7 19 20 20 15 15 9 14 20 21 13 10 8 6 5 9 4 12 16 11 8 8 11 16 16 17 23 24 26 24 24 17 15 19 20 20 20 22 10 3 4 10 12 14 25 29 12 13 18 27 35 25 7 24 31 44 29 16 11 11 20 31 26 16 2 3 10 11 9 24 31 32 29 38 53 59 53 56 53 31 38 60 55 39 24 12 12 25 29 32 40 45 33 29 13 44 45 27 3 10 8 8 15 31 40 38 40 36 47 48 73 82 69 84
"80228" 33 35 34 39 37 28 27 30 20.5 11 16 16 15 12 6 13 25 23 25 32 55 78 78 57.5 37 37 33 30 27 27.5 28 28 25 44 55 21 8 12 16 18 11 14 14 9 6 18 25 26 23 27 45 47 30 27 35 29 42 44 26 35 42 58 39 33 32 30 28 35 33 29 34 28 44 38 38 25 34 25 21 22 21 22 9 8 6 11 10 6 12 13 10 24 22 16 12 16 8 30 36 33 21 10.5 5.25 2.625 1.3125 0.65625 0.328125 0.1640625 0.08203125 0.041015625 0.0205078125 0.01025390625 0.005126953125 0.0025634765625 0.00128173828125 0.000640869140625 0.0003204345703125 0.00016021728515625 8.0108642578125e-05 15.0000400543213 30 19 19 11 11 11 10 19 22 22 19 9 21 22 20 20 14 23 20 19 15 17 13 13 15 11 13 15 22 24 26 20 22 13 8 11 7 6 7 6 5 16 20 19 16 12 2 4 6 7 12 12 10 8 7 9 5 4 5 5 11 9 5 4 7 8 11 14 17 11 14 16 12 10 16 25 10 4 6 4 9 14 9 10 6 14 19 9 10 11 11 7 10 13 16 14 13 15 15 16 21 12 5 13 12 14 18 15 13 20 23 10 9 13 9 10 11 8 15 7 9 14 14 14 9 16 22 21 4 2 10 8 11 7 7 7 7 4 6 3 1.5 0.75 0.375 0.1875 0.09375 0.046875 0.0234375 0.01171875 0.005859375 0.0029296875 0.00146484375 0.000732421875 12.0003662109375 24 13 27 30 18 16 4 8 9 5 11 18 20 32 34 27 28 30 34 18 21 25 33 37 26 18 17 41 41 20.5 10.25 5.125 2.5625 1.28125 0.640625 0.3203125 0.16015625 0.080078125 0.0400390625 0.02001953125 0.010009765625 0.0050048828125 0.00250244140625 0.001251220703125 0.0006256103515625 0.00031280517578125 0.000156402587890625 7.82012939453125e-05 3.91006469726562e-05 16.0000195503235 32 21 28 25 13 18 21 21 35 25 23 16 18 27 24 8 22 23 6 19 21 24 27 28 27 24 31 32 32 57 44
"80229" 209 179 156 228 298 200 96 203 97 42 87 136 153 22 19 55 50 65 64 27 81 215 140 21 30 77 71 34 35 67 107 53 24 37 88 91 128 173 168 106 65 37 82 36 36 52 66 60 107 56 54 26 35 51 74 36 54 45 82 79 54 75 95 82 58 78 72 65 38 32 13 21 27 27 21 33 49 54 70 80 138 94 39 39 57 54 42 37 39 35 40 36 26 15 16 28 24 33 35 38 139 128 70 74 67 27 44 65 37 52 18 17 20 29 30 28 24 35 30 31 36 30 33 7 9 16 16 16 21 36 30 30 30 35 39 35 24 49 30 38 38 15 22 21 16 46 41 8 33 32 37 27 15 27 24 23 26 22 19 23 27 28 22 27 31 22 31 41 13 18 31 29 23 22 25 13 11 21 11 13 18 20 25 11 12 17 13 14 19 23 17 16 12 22 17 13 13 20 14 16 10 12 20 25 18 14 17 18 10 6 6 14 17 15 17 17 15 15 13 33 38 32 34 14 11 18 22 21 26 35 28 21 8 23 24 16 22 31 10 15 17 27 26 28 42 48 37 51 62 46 30 28 39 52 51 26 25 29 23 23 26 13 12 14 13 22 19 31 32 31 26 32 32 20 21 27 53 32 43 39 22 34 29 39 86 87 92 72 97 73 50 31 14 34 46 55 42 19 13 23 53 94 13 34 42 41 68 87 34 19 40 67 102 68 109 49 19 34 55 59 76 36 25 46 59 89 87 100 53 38 45 68 17 27 48 64 37 41 37 29 26 72 29 31 52 59 92 88 116 85 96 199 197 136
"80230" 36 54 68 62 69 64 59 57 35 31 53 18 11 16 9 21 32 28 52 55 53 135 47 55 40 52 39 42 43 50 49 44 50 65 28 11 12 10 14 9 10 23 23 9 14 26 33 44 39 32 47 57 58 73 55 35 40 56 57 59 60 76 54 42 49 48 41 42 45 40 38 31 42 56 69 41 23 29 39 33 50 32 10 5 22 15 22 14 17 30 30 15 17 22 15 11 17 37 39 33 23 29 36 28 29 40 32 35 26 15 28 22 15 7 8 13 32 38 23 35 36 32 22 18 24 20 6 17 34 33 9 11 26 25 30 38 24 25 26 19 26 19 15 29 34 22 17 21 21 23 30 34 29 29 25 17 15 13 12 10 11 14 23 24 17 22 21 11 13 14 13 14 13 8 9 8 9 14 14 16 20 21 17 12 10 13 13 13 16 17 19 19 18 17 23 23 19 24 12 17 12 12 23 28 25 31 26 24 22 21 12 12 12 11 19 26 14 11 16 14 16 14 8 14 15 13 16 20 23 20 21 21 15 18 15 15 10 15 7.5 3.75 1.875 0.9375 11.96875 23 23 21 11 23 21 14 11 10 7 8 8 9 4 6 10 11 12 12 13 17 15 24 29 24 29 29 26 21 19 28 28 20 30 16 21 18 16 16 7 17 32 39 45 36 38 39 33 16 10 34 33 47 34 32 18 20 27 32 15 10 9 7 14 25 20 29 28 33 40 38 41 47 53 54 61 61 46 47 55 60 49 30 14 25 29 31 35 60 49 30 14 33 29 25 14 19 14 12 32 34 46 38 39 46 53 58 54 55 51 68
"80231" 129 142 185 186 237 150 77 127 76 65 102 144 150 22 40 45 54 57 52 32 80 132 128 19 39 66 40 22 30 50 68 36 24 61 86 107 167 182 107 100 113 61 62 54 45 53 83 79 147 31 41 36 41 77 126 73 99 61 99 72 63 59 48 64 88 104 52 41 43 43 19 30 46 33 30 35 60 54 64 75 176 128 51 54 63 67 45 48 53 39 49 59 43 22 20 29 28 42 41 48 145 142 82 112 79 27 48 70 59 52 13 18 16 19 27 42 27 46 29 27 37 33 46 28 20 18 15 19 21 29 29 36 33 37 47 50 38 41 60 47 36 14 22 24 40 66 26 18 30 29 41 18 18 27 19 35 22 24 17 16 19 24 26 24 22 19 28 28 29 19 34 23 28 20 25 24 26 23 17 21 21 26 31 21 20 20 28 28 22 21 24 18 13 29 27 15 16 21 31 28 17 20 29 34 31 20 22 27 28 6 6 11 14 18 20 24 25 17 21 35 40 42 46 27 21 23 22 36 40 34 33 40 23 31 19 20 31 19 8 10 18 18 35 52 47 41 37 45 58 42 32 34 45 54 42 22 19 29 32 34 32 25 15 16 23 34 21 35 35 31 31 27 25 16 16 31 62 36 21 27 46 47 34 44 69 97 62 34 67 70 47 19 17 52 87 68 55 25 12 34 86 93 14 35 63 63 79 113 22 23 48 48 97 144 219 43 18 35 68 52 56 33 34 34 38 57 87 99 33 38 55 76 25 44 62 75 42 52 22 57 51 123 76 57 71 86 74 71 103 63 73 142 142 85
"80232" 131 88 115 171 256 145 73 99 47 35 76 117 101 6 16 53 47 50 57 12 90 231 88 7 26 59 34 23 29 69 113 15 19 57 84 104 156 64 66 84 125 69 93 40 39 23 76 95 139 17 23 22 41 53 52 33 76 55 47 54 37 63 55 93 112 108 85 52 44 37 8 25 38 24 24 23 44 52 61 78 229 61 39 23 29 54 44 40 36 38 36 34 40 19 7 16 8 22 39 42 185 160 88 84 57 23 43 46 44 33 8 10 29 21 24 18 25 39 19 25 30 31 40 13 15 11 15 18 18 27 35 30 22 32 43 39 36 25 46 47 38 12 15 22 25 40 25 16 27 35 40 20 10 19 12 21 23 19 13 16 8 22 16 18 18 25 23 30 30 12 16 12 15 16 18 21 17 16 22 16 12 17 27 33 16 18 23 25 16 8 17 15 16 22 25 6 8 16 29 30 18 13 32 35 30 13 20 28 22 12 6 13 17 15 17 19 9 9 15 22 32 32 24 10 16 13 18 21 28 26 23 25 14 18 11 8 16 10 9 13 16 19 33 32 39 44 38 49 47 44 38 42 38 49 29 8 11 28 34 29 43 32 15 18 20 9 12 22 42 44 55 47 25 14 21 26 30 17 27 19 44 23 24 38 41 90 76 73 18 57 47 16 8 118 185 40 27 22 14 29 68 38 11 28 46 46 78 140 23 15 41 63 98 158 163 15 12 25 67 96 15 15 26 36 47 56 105 152 96 58 97 52 16 31 41 71 41 33 13 43 73 105 18 16 71 146 90 132 145 37 88 156 200 95
"80233" 122 122 108 97 90 135 118 94 41 137 220 111 35 23 12 27 41 48 55 71 87 112 109 76.5 44 57 55 55 87 91 62 80 95 56 30 88 81 59 52 21 60 29 14 9 39 48 45 72 87 82 78 62 70 70 48 49 71 70 57 68 104 91 77 64 55 64 54 55 38 47 28 30 37 48 49 18 33 13 25 34 27 20 13 28 33 35 54 36 41 36 35 21 13 11 13 10 26 39 43 44 26 32 38 24 41 47 32 25 16 28 27 17 4 8 9 20 32 22 27 46 47 34 19 18 27 10 13 36 56 29 19 36 70 89 64 58 28 35 32 42 24 11 30 25 25 20 13 18 23 38 27 26 39 40 38 29 24 35 14 16 15 24 29 20 25 28 37 12 10 10 15 15 11 10 17 10 10 10 14 15 21 28 17 13 11 11 12 13 12 15 15 14 16 15 19 21 28 27 20 9 12 15 13 20 21 16 13 17 12 16 20 14 11 9 18 23 22 13 16 19 18 23 27 18 17 29 19 23 22 30 41 36 24 16 18 22 31 17 14 7 32 33 24 25 23 22 25 30 21 14 16 22 17 18 17 6 12 11 15 20 21 20 22 13 15 21 27 24 32 38 43 37 45 35 37 28 29 14 34 21 25 19 18 26 42 43 52 64 51 52 64 22 13 54 50 57 53 48 11 29 25 30 10 8 8 39 61 51 24 41 51 51 51 55 53 64 40 50 59 68 67 58 58 38 49 53 46 38 55 55 51 58 46 12 29 48 46 14 18 21 24 49 41 47 38 45 62 71 76 83 127 195 211 182
"80234" 50 55 69 84 128 145 88 82 22 42 59 62 25 8 27 40 56 56 40 18 56 85 19 16 25 36 20 22 32 42 74 14 23 56 46 86 48 61 58 44 71 146 58 19 18 26 55 126 81 18 11 22 47 69 12 17 66 72 59 32 29 94 160 83 104 105 39 65 98 12 11 27 74 15 15 18 74 72 90 71 81 35 17 30 40 60 60 83 113 84 67 43 44 22 28 23 7 14 48 63 38 59 71 67 82 26 24 27 22 20 21 21 25 26 24 17 37 32 16 12 24 23 23 23 12 9 12 17 11 27 41 34 21 34 52 47 25 20 17 59 63 30 24 40 18 48 28 20 18 17 24 47 8 10 15 43 23 36 14 12 14 25 22 24 29 15 26 26 35 37 7 17 29 36 28 22 18 22 31 21 23 32 35 13 18 22 27 26 14 18 35 29 44 23 15 7 6 16 25 38 49 30 9 14 26 26 27 14 10 8 10 18 18 24 31 34 13 6 11 17 14 11 7 13 13 20 20 45 38 30 47 45 11 9 15 19 7 9 18 11 9 10 13 13 22 15 23 35 19 21 25 26 19 24 7 15 17 15 18 26 21 9 13 16 15 12 34 22 26 51 10 26 10 10 17 21 8 14 25 26 21 14 29 41 54 31 23 12 11 24 25 11 6 14 62 9 28 52 28 24 50 15 12 21 20 32 56 76 21 7 26 28 31 113 107 9 12 31 28 38 25 11 21 30 30 41 79 114 28 68 74 16 12 10 28 30 16 10 9 25 79 61 14 17 30 69 112 61 45 65 92 98 142 18
"80235" 105 101 51 45 62 80 75 67 83 23 29 38 29 8 15 28 49 49 50 58 27 40 24 32 23 47 37 37 28 33 46 51 12 27 27 38 35 21 58 23 33 23 15 22 19 31 49 63 82 86 53 21 20 36 46 48 19 36 44 72 71 31 67 69 51 55 60 48 49 46 34 24 31 47 26 13 29 28 47 26 30 16 27 20 35 44 52 33 33 44 34 31 24 21 25 39 35 36 43 35 47 59 53 53 43 54 48 43 19 16 17 24 30 18 29 36 50 38 25 29 32 19 23 24 22 27 12 24 27 22 25 41 38 33 33 40 16 16 18 29 38 37 49 27 32 42 39 23 36 43 26 38 38 41 21 32 23 46 26 25 36 32 22 22 26 30 41 15 26 40 18 35 41 21 10 13 9 16 15 15 13 16 18 16 11 16 18 15 30 23 17 30 25 24 23 24 21 9 19 24 11 12 8 14 16 16 7 6 6 8 12 12 12 13 12 15 14 23 25 21 19 25 37 50 30 26 22 25 30 27 18 19 16 22 21 25 31 19 13 14 17 9 27 13 18 29 13 18 19 25 22 16 27 37 26 15 16 10 18 25 43 32 16 11 12 10 26 40 43 45 57 36 21 14 9 14 13 15 9 11 19 38 39 29 24 24 37 34 41 61 58 53 12 38 31 36 59 69 11 29 43 55 18 10 29 26 44 73 60 28 24 34 54 77 54 65 11 17 42 56 65 70 16 22 49 68 96 57 41 45 37 55 64 14 34 52 72 22 28 17 24 41 51 26 23 38 56 66 84 100 123 86 116 147
"80236" 64 60 85 103 130 96 57 59 69 137 169 95 43 26 21 30 34 44 48 56 82 93 88 74 58 56 58 64 69 63 58 80 68 46 61.5 77 75 78 66 13 38 22 10 9 36 41 46 67 56 45 39 55 61 21 21 41 50 68 73 73 71 80 48 50 51 59 50 36 42 39 36 26 33 51 42 13 18 9 9 11 20 20 23 26 31 32 35 30 28 32 36 44 42 15 15 13 28 45 52 43 26 47 54 49 47 35 33 18 16 37 36 17 7 9 12 22 33 25 37 41 33 36 20 21 19 12 18 31 37 15 21 25 32 43 43 36 20 32 38 23 22 16 26 28 30 24 18 13 20 29 17 25 30 29 25.5 22 15 20 21 28 28 32 27 14 22 30 16 15 11 11 9 10 4 11 17 20 14 6 7 13 17 16 15 13 10 10 9 12 12 13 14 15 14 14.5 15 11 17 18 25 17 14 10 10 12 16 20 17 19 16.5 14 19 14 9 12 15 18 18 14 15 17 16 17 26 26 27 12 18 17 19 23 29 35 20 19 15 15 28 18.5 9 10 24 25 22 27 23 22 20 27 28 28 14 19.5 25 23 22 5 18 18 20 17 15.5 14 14 5 10.5 16 13 13 17 22 30 31 36 11 16 11 13 8 20 10 20 24 25 26 37 33 25 29 38 37 38 34 9 17.5 26 30 20 15.5 11 23 18.5 14 10 4 10 22 23 18 18 9 18.5 28 36 41 50 61 37 32 38 39 39 44 33 22 28 40 36 35 34 31 44 56 42 8 20 28 20 8 13 15 14 21 36 47 36 41 48 47 47 48 71 129 140 90
"80237" 143 39 36 74 100 150 156 97 102 23 38 60 70 22 16 27 43 77 64 39 40 38 47 20 13 40 46 48 55 75 81 67 15 18 61 56 61 51 67 19 26 18 18 35 19 26 37 59 88 73 50 15 19 35 77 28 39 64 71 109 37 40 83 102 82 50 63 88 51 68 22 25 35 45 15 12 38 37 55 55 24 73 28 31 41 63 68 40 50 46 30 36 25 27 25 42 33 27 43 44 91 72 35 53 49 28 41 51 32 49 10 17 23 16 28 39 47 57 26 34 37 28 25 21 28 19 15 28 21 17 26 39 53 43 34 36 26 9 17 34 64 73 34 23 34 41 42 36 17 21 28 25 40 25 15 14 23 29 22 23 34 16 15 21 28 26 47 31 2 9 21 38 34 33 9 9 14 15 15 10 20 18 11 14 13 13 16 9 15 14 12 8 26 23 13 21 27 17 6 9 7 13 13 12 18 26 9 7 4 6 8 12 9 14 11 10 12 12 13 16 21 28 29 35 24 15 15 16 16 15 17 12 16 19 25 19 21 17 10 7 17 21 17 20 31 19 17 15 15 29 26 18 18 17 15 8 11 14 15 21 30 37 8 11 14 16 13 13 28 43 46 41 23 17 14 15 31 19 19 17 17 32 37 36 28 31 49 62 55 39 79 64 17 41 32 66 29 21 18 23 45 84 14 23 32 26 50 76 62 27 24 47 81 83 89 100 17 18 42 72 83 27 18 38 44 70 96 92 79 51 38 66 34 18 30 39 23 22 24 13 33 62 42 29 22 29 59 76 97 120 112 70 148 171
"80238" 176 69 72 100 109 176 132 113 128 35 57 74 132 41 23 35 58 77 70 50 60 92 102 31 27 61 67 63 61 73 92 77 19 38 68 75 104 84 104 32 31 27 30 34 32 43 66 64 99 66 63 19 25 43 75 50 45 56 87 92 44 74 85 79 59 57 65 81 48 46 18 24 31 50 23 29 45 53 61 88 74 162 35 45 65 68 60 49 33 49 44 32 22 17 19 42 35 38 36 35 159 112 63 55 60 31 39 52 33 49 15 24 28 19 35 35 38 34 34 48 45 33 19 13 15 17 22 19 26 23 26 35 33 37 39 39 30 22 13 31 46 32 29 24 28 34 36 20 16 25 31 30 33 28 22 21 23 20 20 24 47 20 15 19 30 24 36 30 5 8 27 36 32 31 16 5 7 19 16 16 26 31 18 10 11 14 17 12 21 18 16 12 23 23 22 23 16 16 19 8 13 14 17 18 18 18 10 13 7 7 10 14 13 16 18 17 18 20 12 23 27 40 42 31 16 26 20 23 23 22 20 16 16 23 28 26 37 22 10 12 18 26 26 20 40 30 22 19 25 27 31 29 26 27 44 21 16 17 21 23 30 30 12 11 19 22 21 26 39 32 37 31 37 16 13 15 33 25 25 22 19 34 33 44 47 56 94 95 73 55 68 59 19 50 49 74 36 18 17 30 57 98 14 34 47 41 54 88 45 32 47 76 99 69 115 75 17 22 69 70 62 41 24 66 69 75 89 85 68 52 46 81 27 29 54 51 34 44 37 18 27 61 50 29 46 49 81 85 84 185 159 88 142 179
"80239" 186 120 66 81 103 153 103 74 143 36 75 76 59 39 28 35 45 65 51 59 65 80 68 40 27 61 75 55 49 61 54 75 23 40 69 74 90 57 75 26 26 33 17 33 25 47 63 73 100 91 69 28 28 53 53 52 36 48 64 98 73 62 70 61 38 41 57 70 40 41 28 19 27 53 23 15 40 53 58 94 42 141 51 37 60 67 53 44 29 39 43 46 19 20 16 37 37 34 33 34 90 109 57 55 51 43 38 35 38 41 20 17 22 16 25 20 34 28 48 41 38 30 21 21 20 23 23 32 33 35 49 35 37 33 34 38 19 24 14 30 52 55 33 28 31 42 19 20 14 22 25 28 34 34 26 11 18 24 21 25 28 28 24 33 28 27 34 26 9 10 20 31 29 28 10 9 10 14 11 11 26 21 20 13 8 8 14 11 14 11 11 14 20 16 10 20 39 25 12 11 10 9 7 9 16 15 14 10 7 7 8 10 12 14 14 14 18 15 14 17 23 31 40 30 16 19 17 17 22 20 21 19 15 20 28 32 25 20 10 13 18 27 17 17 31 24 17 19 13 14 27 23 29 28 26 9 12 16 16 17 24 29 10 8 11 11 15 15 35 44 44 50 26 32 12 13 17 28 17 11 12 26 45 43 39 35 42 31 34 43 46 82 26 44 40 81 50 30 15 23 37 55 23 29 60 46 47 61 52 36 35 42 75 58 50 97 23 30 65 61 66 62 22 39 38 56 67 64 49 39 43 59 57 25 56 49 25 37 34 20 27 54 65 38 34 42 72 59 75 169 253 115 145 159
"80240" 158 93 95 83 62 124 110 56 118 212 97 47 36 16 13 17 33 47 69 78 95 124 101 49 31 49 74 47 72 74 46 91 38 40 100 113 131 153 70 39 24 20 11 7 35 51 63 77 58 67 65 47 33 51 32 41 60 37 50 89 97 71 77 70 48 50 63 74 59 29 24.5 20 31 43 41 10 20 32 46 42.5 39 37 39 19 27 47 50 73 78 46 48 39 17 13 11 24 34 31 35 36 45 70 42 29 54 41 33 26 36 46 17 14 11 7 23 22 23 24 43 39 31 29 20 15 8 14 19 18 22 24 27 41 42 52 57 48 11 22 37 50 33 27 39 26 32 12 17 17 14 13 9 21 32 14 29 6 19 29 18 30 30 34 34 18 19 30 28 18 19 6 12 20 17 14 16 14 18 15 21 19 14 25 24 20 16 14 16 15 16 13 17 20 26 23 17 21 30 25 15 15.5 16 17 10 17 18 25 18 10 10 11 17 17 16 20 22 27 31 32 22 21 21 22 27 32 24 25 24 32 34 27 26 21 31 22 22 28 34 38 14 9 25 23 32 22 22 33 37 25 18 23 24 30 35 31 22 11 14 20 27 29 28 28 12 9 11 11 17 16 18 29 30 45 17 26 35 14 21 33 20 19 14 24 31 39 37 49 60 57 52 46 47 53 18 56 40 61 54 59 17 22 24.5 27 39 25 25 48 53 56 45 39 42 43 44 42 48 43 30 33 52 62 65 56 41 31 37 55 65 80 67 58 52 32 54 14 33 31 9 18 14 18 21 25 46 57 39 40 55 59 57 108 174 198 177 82
"80241" 31 51 33 26 37 28 33 34 33 69 51 27 12 5 11 29 31 25 29 33 68 116 23 38 33 32 44 34 24 24 25 34 29 17 21 37 24 20 20 11 16 15 10 6 26 26 32 27 36 79 72 33 28 39 28 56 30 21 35 43 47 42 35 39 32 33 37 30 30 31 48 34 22 32 51 18 13 20 23 19 13 9 29 25 25 39 35 26 22 9 14 22 24 14 13 17 25 25 25 27 32 68 50 13 45 44 32 25 17 11 17 24 11 5 11 13 13 18 61 50 27 22 17 7 6 8 14 18 23 23 24 18 22 25 27 35 9 15 19 30 21 24 40 17 10 16 15 12 11 11 6 10 21 32 32 23 12 7 7 11 15 16 19 22 18 17 17 8 6 6 5 8 16 6 5 4 5 4 5 7 7 5 8 6 5 5 7 7 7 6 7 8 8 9 9 9 9 8 6 4 4 5 4 5 5 7 6 4 4 5 5 5 5 5 6 6 8 10 10 11 14 13 12 11 10 9 12 10 8 9 6 5 8 4 7 9 17 13 5 3 5 4 6 7 10 13 12 9 9 9 11 15 19 22 29 9 5 5 4 6 8 10 7 5 4 5 4 8 14 19 15 16 6 11 10 12 8 13 9 5 5 11 18 21 21 20 20 26 30 24 26 31 11 24 21 25 36 24 8 14 16 13 11 6 12 47 33 25 27 29 24 21 22 22 23 39 30 24 30 31 29 35 37 21 26 31 33 33 38 34 32 34 38 20 9 13 29 14 27 27 17 23 40 37 30 26 29 29 29 31 44 49 53 60
"80242" 152 105 93 79 48 110 99 69 96 203 81 50 34 18 15 21 40 52 62 74 84 128 124 51 35 53 68 41 54 68 51 88 49 46 85 102 122 160 67 44 29 21 13 7 36 74 64 85 71 67 80 46 31 56 36 43 46 32 55 90 87 57 84 67 48 54 58 62 51 30 23 19 30 43 42 13 25 41 49 11 31 32 29 20 27 36 44 74 69 37 42 34 16 9 9 22 36 23 29 34 38 58 44 38 52 39 31 23 36 37 18 13 7 5 21 21 18 24 43 39 28 25 20 10 7 10 20 16 20 22 26 33 36 42 53 51 12 19 33 41 36 22 40 35.5 31 27 22 19 24 16 13 22 32 21 37 12 15 23 18 25 25 29 31 17 21 29 28 21 17 3 14 17 21 12 14 9 14 10 10 9 5 16 16 14 9 6 6 8 10 6 10 11 17 13 10 15 26 25 15 14 10 8 3 13 15 25 18 10 3 4 6 9 8 13 11 13 19 24 17 14 14 17 21 24 17 21 23 25 27 21 20 15 23 11 16 18 27 30 10 4 20 17 19 14 14 22 23 20 12 17 19 23 27 30 20 3 6 9 19 19 19 17 6 1 9 8 9 17 18 23 23 37 12 16 22 13 16 19 10 9 5 13 21 34 37 44 44 34 33 41 49 45 11 53 54.5 56 63 56 10 16.5 23 15 16.5 18 17 43 53 56 39 35 34 44 46 41 54 47 22 31 52 51 55 53 44 30 39.5 49 56 76 67 60 49 26 38 11 34 36 18 14 13.5 13 18 27 34 65 38 44 57 57 55 96 158 202 164 93
"80243" 35 33 32 34 35 26 28 31 27 9 13 18 13 12 8 9 20 24 26 29 36 57 53 29 40 41 34 29 29 27 25 12.5 20.75 29 32 34 28 22 15 16 8 12 16 13 7 14 25 26 31 30 41 49 20 21 30 31 33 26 29 32 46 45 32 35 30 26 27 31 31 27 30 33 31 27 30 21 27 17 18 16 15 17 20 17 5 8 12 18 19 15 17 18 15 17 13 15 19.5 24 35 19 17 21 23 28 25 23 21 19 15 12 9 4.5 14.25 24 9 8 20 18 17 15 22 19.5 17 10 11 11 12 12 18 17 18 14 15 25 19 18 9 21 19 21 12 12 12 20 19 13 13 12 21 32 29 19 22 16 9 10 8 7 7 6 9 7 8 11 12 9 5 6 8 7 9 8 8 7 9 8 6 6 5 7.5 10 8 6 5 6 8 7 8 12 6 7 7 6 7 10 24 12 8 10 6 7 9 7 7 5 9 20 12 10 15 7 8 8 12 16 10 11 10 12 13 14 17 15 15 9 12 14 17 16 17 19 10 8 8 9 8 11 11 8 8 9 14 13 8 7 11 19 20 12 9 12 11 10 7 7 6 6 6 8 9 12 11 13 18 21 17 10 11 11 16 18 13 18 18 15 21 29 18 16 5 3 7 5 8 14 15 22 32 29 28 28 26 19 18 20 24 22 18 21 18 27 21 21 15 6 9 19 20 19 19 24 29 34 30 28 33 37 35 28 38 36 35 33 28 25 28 30 15 20 17 27 29 22 18 23 23 30 23 8 19 24 9 16 17 27 26 25 25 31 38 39 38 32 34
"80244" 48 46 49 43 39 49 66 68 39 42 78 45 9 16 13 26 32 37 39 50 57 122 52 63 43 44 47 34 33 38 40 40 59 30 14 27 21 37 32 10 22 21 19 10 18 28 34 37 39 50 71 45 35 38 46 36 62 31 42 45 51 64 66 51 37 39 50 51 44 44 33 26 30 33 41 26 18 16 19 38 31 16 11 21 26 28 43 34 29 28 34 33 19 18 16 17 24 32 38 38 36 25 30 31 27 36 32 19 14 33 35 29 12 10 8 17 22 28 28 31 36 33 15 10 21 13 18 25 22 33 29 24 33 40 35 36 20 20 30 37 19 14 26 35 33 27 16 16 25 29 21 23 27 38 30 18 33 30 10 13 15 24 37 30 26 35 9 15 9 9 15 9 10 12 8 13 13 11 8 9 16 22 16 8 9 12 15 13 16 19 19 18 17 19 20 29 27 18 15 10 10 11 13 9 14 15 17 16 10 16 13 12 11 17 22 30 31 23 24 21 14 26 24 11 12 19 19 20 23 34 37 31 17 10 18 23 32 17 15 7 15 19 17 17 20 26 22 23 17 16 14 18 21 10 13 11 9 11 15 20 20 18 18 21 24 25 33 32 28 31 33 34 50 23 29 35 29 22 23 17 13 15 21 30 31 40 48 54 46 48 59 32 12 35 32 39 47 45 18 22 23 30 22 12 17 32 35 30 20 27 29 32 32 30 33 39 39 31 44 44 39 40 45 28 26 26 31 26 31 31 32 40 39 30 13 20 21 14 22 22 22 25 35 47 35 35 38 35 40 48 58 72 90 96
"80245" 134 89 126 150 190 125 60 148 44 30 55 94 124 10 10 35 44 49 49 13 78 217 105 10 17 43 36 23 34 47 78 29 19 38 62 86 114 154 126 64 90 62 71 25 23 20 51 66 96 20 27 17 31 33 51 25 47 52 73 75 21 62 62 64 74 78 94 59 33 24 9 18 28 27 20 30 49 53 53 63 166 75 37 44 40 69 57 47 31 44 32 24 26 16 20 31 14 24 36 33 138 151 86 62 76 36 40 48 35 36 15 18 27 28 31 24 28 36 15 28 30 29 29 14 11 14 16 15 25 34 41 28 17 29 35 29 27 47 29 40 48 19 20 21 18 31 28 15 32 48 45 31 20 16 24 27 20 20 13 14 14 17 17 24 14 19 25 45 10 11 23 21 18 20 24 11 12 19 13 18 15 19 22 33 10 16 14 13 16 14 18 9 12 17 28 12 9 17 19 21 31 17 17 22 20 12 20 19 9 8 6 11 13 15 18 18 14 11 15 18 22 22 30 23 15 19 18 25 32 39 34 24 9 18 15 16 30 30 8 14 16 18 27 39 51 48 47 45 44 35 38 43 40 46 28 14 12 22 31 32 22 23 8 10 16 18 24 29 30 31 28 26 17 9 15 21 26 19 24 32 25 30 23 34 41 61 55 50 32 38 43 23 5 32 37 34 29 18 10 16 38 53 7 21 32 27 48 85 40 12 24 53 63 55 98 29 11 35 64 94 26 17 18 33 44 51 73 88 107 44 46 62 14 16 47 72 20 27 14 20 32 51 10 19 40 79 75 52 87 99 134 193 176 120
"80246" 185 134 119 122 158 192 151 164 103 26 61 82 171 20 19 47 55 69 74 29 80 236 159 19 23 53 50 49 60 81 98 51 18 44 77 106 99 156 206 59 70 43 39 33 24 31 59 66 101 50 52 18 32 47 79 32 58 58 84 72 32 66 96 96 68 69 86 80 46 32 11 19 28 29 20 27 40 59 62 79 125 137 43 50 73 63 58 43 38 46 36 35 26 11 20 32 19 30 37 36 173 129 67 73 68 29 38 59 31 48 18 19 26 22 37 38 35 41 25 33 37 32 30 12 12 16 16 14 25 37 47 33 29 32 35 31 28 43 17 36 42 15 27 19 26 41 40 21 26 36 50 35 25 25 27 24 28 21 19 24 19 23 16 20 25 26 30 44 6 13 30 36 26 25 31 12 14 20 17 20 28 28 32 24 11 18 17 11 22 27 18 14 12 18 26 15 12 21 15 16 16 16 20 19 24 16 19 16 5 7 7 16 16 22 19 16 16 20 13 20 26 22 40 26 14 18 19 28 30 30 29 20 8 23 22 21 38 36 11 15 17 21 24 23 45 40 32 36 32 33 27 26 32 36 16 19 20 18 19 23 25 25 6 7 12 25 17 26 28 32 28 21 23 11 18 24 43 20 25 42 18 36 21 43 53 55 82 79 68 30 54 25 5 36 38 41 27 10 11 19 51 86 5 27 39 35 45 90 43 14 34 66 92 80 100 39 12 25 63 86 63 31 19 45 60 90 83 107 85 48 43 84 23 18 38 57 24 28 18 17 25 64 17 24 42 54 89 90 93 128 149 113 146 147
"80247" 96 98 27 35 54 74 83 59 78 18 23 24 19 7 13 26 45 49 51 53 23 37 24 26 17 40 35 30 33 42 41 35 12 23 16 34 31 23 49 21 29 16 18 24 22 31 38 43 65 94 39 24 16 28 48 46 18 28 34 78 50 18 44 45 45 44 53 45 58 29 33 16 22 38 20 13 30 21 32 22 28 20 29 22 32 39 36 30 35 31 30 31 21 17 25 35 41 28 24 25 35 64 59 49 39 40 35 38 14 14 21 24 26 16 25 38 37 30 30 34 39 14 17 18 20 27 13 20 22 19 35 41 39 35 36 24 11 15 16 18 24 34 46 22 29 28 21 20 28 39 25 22 36 35 16 24 21 31 24 26 29 27 14 18 19 28 30 11 20 23 16 31 38 23 9 10 15 15 16 17 14 18 28 17 12 17 18 15 24 19 19 23 27 23 26 22 12 4 15 12 9 15 9 14 18 9 7 5 4 5 8 10 9 9 11 11 14 18 16 17 18 24 39 30 18 18 17 21 21 18 14 15 16 18 17 18 20 12 9 10 9 7 17 10 17 22 11 16 16 21 16 13 15 23 15 14 14 13 12 27 24 20 12 11 11 10 11 25 31 26 29 23 22 10 8 10 11 12 9 9 13 31 35 21 19 14 27 35 43 54 33 44 15 25 17 28 17 13 13 25 27 37 17 10 26 27 43 66 53 25 21 36 64 52 42 77 11 11 34 49 61 50 15 25 51 65 80 50 42 51 41 53 58 18 31 46 38 26 19 13 21 26 44 20 22 41 59 68 85 94 160 58 88 132
"80248" 28 29 36 36 42 31 34 28.5 23 8 11 22 11 10 6 6 19 22 29 31 40 34 27 20 41 41 31 26 26 34 27 23.5 20 23 20 34 52 48 16 12 14 12 11 13 5 13 28 50 47 39 32 50 43.5 37 53 25 36 44 24 52 54 44 53 40 25 27 27 34 33 34 28 26 42 30 30 29 29 19 18 14 22 19 16 19 9 9 20 9 12 10 21 23 20 15 16 15 9 25 45 27 17 21 24 28 31 29 34 23 20 44 11 20 21 18 9 12 29 20 17 15 23 16 15 12 10 10 11 17 36 17 28 20 25 41 32 18 21 24 30 21 15 7.5 12.75 18 15.5 13 14 16.5 19 24 34 23 18 13 10 10 10 11 9 11 11 15 16 19 14 20 14 7 9 8 10 10 8 7 10 10 14 13 8 12 11 8 8 7 8 8 8 11 11 6 6 6 7 9 12 24 15 8 12 12 6 10 10 8 8 8 24 19 13 14 9 8 7 13 14 9 10 12 11 9 12 16 12 11 9 14 12 15 27 27 17 13 9 8 8 9 10 15 10 10 12 14 14 15 7 16 24 21 21 7 6 8 5 8 9 7 8 12 15 12 10 13 13 13 21 24 11 11 12 15 22 18 13 23 16 22 28 23 15 12 9 8 9 4.5 2.25 16.625 31 38 34 35 36 36 26 32 26 28 21 18 24 19 26 20 23 17 8 7 17 29 16 17 24 32 52 53 35 71 62 44 38 64 37 50 44 33 29 39 41 22 24 21 48 37 22 23 29 30 54 24 9 16 28 9 18 18 36 29 28 27 45 70 78 87 51 78
"80249" 115 143 193 221 268 107 70 125 99 50 83 151 199 42 22 22 31 54 47 36 83 176 83 14 38 71 27 16 27 37 59 37 21 57 86 131 165 196 140 102 122 69 30 65 63 48 76 83 65 17 33 34 44 81 117 106 99 68 107 94 58 51 32 47 66 66 51 40 40 55 27 28 43 35 29 42 72 69 75 70 107 166 69 58 64 59 44 42 51 38 45 51 27 23 33 28 35 36 41 37 124 140 79 70 59 29 41 62 53 59 22 22 14 15 30 38 29 49 41 38 35 35 21 15 24 24 18 22 24 34 32 37 29 35 42 38 45 36 51 43 27 17 23 26 35 51 17 20 26 21 35 18 23 28 20 22 28 26 21 16 23 23 19 28 24 20 25 22 32 26 37 33 28 21 22 26 26 26 20 23 21 20 24 17 13 22 21 22 21 16 22 18 13 26 18 10 14 17 27 27 21 21 34 33 28 13 17 24 22 5 11 15 16 19 23 19 23 18 19 29 39 43 47 13 23 31 25 32 49 40 35 36 20 27 18 24 35 26 6 19 23 27 32 43 37 36 39 42 50 41 33 32 29 49 35 29 21 29 31 34 20 20 20 16 24 25 21 26 29 34 32 30 26 18 17 31 45 25 25 29 39 48 35 42 64 80 47 34 66 77 72 24 23 35 32 40 44 23 12 33 76 101 12 43 63 83 97 82 21 28 46 46 80 119 54 14 16 32 64 46 43 34 30 18 36 58 69 61 41 56 49 86 34 30 74 62 46 31 9 34 72 99 83 18 45 58 25 44 81 134 113 177 85 74
"80250" 38 37 34 26 31 33 34 37 43 20 28 35 34 19 15 10 21 25 35 33 43 98 45 15 37 45 38 32 35 43 68 116 54 31 43 49 40 51 21 45 55 38 50 54 11 16 30 26 51 57 71 40 23 32 41 35 32 23 30 42 48 39 34 41 32 30 45 52 41 37 52 33 25 36 43 36 40 29 34 44 23 21 29 20 19 17 25 42 53 32 35 33 26 41 33 28 12 29 31 22 34 32 40 45 26 35 31 20 18 19 16 19 35 39 22 12 25 33 25 26 21 26 23 15 13 13 12 15 19 21 29 40 23 44 31 28 10 24 19 21 17 13 14 29 34 23 24 19 22 24 24 17 23 27 15 14 17 14.5 12 6 8.5 11 15 19 21 16 10 14 11 11 9 10 9 11 9 12 8 8 10 9 9 11 9 8 6 7 8 13 18 13 11 12 12 14 14 23 11 7 7 9 13 16 9 10 11 19 11 8 10 12 9 13 20 19 17 12 11 12 14 14 17 17 11 8 12 13 14 13 15 14 24 15 15 14 12 18 16 17 18 17 13 9 10 5 9 12 12 10 13 8 15 15 20 18 16 18 17 14 20 25 23 22 23 35 21 12 15 12 15 20 22 19 29 24 17 23 25 16 10 8 7 16 15 12 17 18 20 32 34 50 42 41 31 20 20 29 33 35 29 26 26 31 41 17 16 13 18 24 22 20 29 44 40 37 37 48 48 30 34 48 51 49 50 41 32 40 32 24 25 21 40.5 60 30 37 44 26 35.5 45 17 16 24 18 13 16 33 29.5 26 27 54 67 52 49 53 51
"80251" 69 71 60 43 59 48 42 52 72 75 35 48 39 6 11 28 44 45 46 47 54 56 28 28 34 35 32 33 33 31 40 57 29 27 41 35 49 19 43 29 19 31 36 10 31 34 39 47 48 92 55 28 27 44 41 68 20 36 43 56 71 70 62 44 44 44 43 55 32 26 47 32 34 39 58 28 33 35 29 45 31 23 20 34 30 52 56 43 19 36 50 31 19 28 37 34 24 36 31 33 33 65 52 51 36 39 46 38 22 16 26 26 27 10 24 20 27 47 31 30 27 11 25 24 15 23 10 23 23 32 41 43 34 35 34 26 24 19 23 40 27 18 39 30 38 35 18 17 21 48 43 28 39 54 36 32 34 25 14 16 24 34 42 37 31 26 33 30 29 13 15 19 24 8 13 11 17 12 11 14 19 25 16 14 12 15 19 18 16 19 20 25 19 18 17 13 11 10 11 10 11 13 7 11 13 10 6 6 5 8 9 11 12 12 12 14 22 23 20 22 28 24 28 18 15 22 19 20 24 15 9 11 14 10 12 22 22 12 8 14 4 8 16 18 23 23 16 12 17 21 15 20 25 26 26 18 8 12 6 16 18 23 19 8 11 10 18 31 28 25 34 22 16 11 13 21 18 14 10 6 12 25 32 31 27 34 28 32 38 40 37 46 9 26 21 24 31 29 9 19 41 37 9 12 13 26 37 51 40 25 32 36 40 41 47 48 31 24 50 49 42 43 43 21 35 70 67 45 43 44 38 42 44 49 14 48 59 37 14 31 27 17 40 36 32 35 45 46 65 71 102 166 123 84
"80252" 55 51 77 87 165 151 73 85 31 73 70 68 23 7 30 32 60 57 46 12 41 79 17 18 47 37 24 40 29 42 72 14 22 55 53 107 45 62 60 64 87 158 55 13 12 31 71 147 75 24 10 19 55 56 12 23 76 83 56 25 35 96 167 100 113 132 33 68 92 11 12 34 75 10 22 31 66 87 98 82 89 36 16 45 44 62 75 92 117 104 76 46 41 25 37 22 9 23 58 73 45 74 100 71 78 25 29 32 24 17 23 30 21 33 25 17 47 40 23 17 25 28 29 27 14 11 15 25 12 28 37 42 28 39 56 52 25 20 30 55 42 34 24 42 24 52 36 29 20 18 35 56 14 15 23 41 41 27 13 16 14 25 31 25 44 20 27 28 32 33 9 25 26 35 25 22 20 19 23 20 21 24 29 11 11 22 35 20 12 16 23 14 54 25 16 6 5 14 25 41 50 32 12 11 25 24 25 14 11 8 10 16 18 23 30 24 10 7 9 14 13 10 10 10 10 15 24 46 38 29 34 41 13 9 11 19 9 10 16 11 9 12 22 19 25 20 27 28 17 22 28 25 21 22 7 13 22 18 18 37 25 8 10 19 22 14 39 24 39 78 14 37 14 14 25 25 11 14 26 23 30 17 32 53 76 51 34 17 12 35 27 11 13 17 71 14 38 57 31 23 47 15 10 17 18 38 72 108 24 9 35 40 54 127 81 10 10 34 33 34 19 11 23 41 43 53 67 118 31 48 70 18 11 11 29 32 18 10 7 28 78 58 16 18 53 83 103 71 40 65 107 138 153 17
"80253" 82 118 132 125 169 81 53 62 74 45 69 128 94 24 8 17 29 40 45 36 47 90 34 6 19 31 11 11 16 30 38 32 14 37 65 91 122 165 172 96 91 49 17 53 64 42 65 64 53 8 26 37 51 105 125 93 88 70 82 13 40 46 29 38 47 46 41 33 28 45 22 20 29 19 14 21 72 63 59 47 60 228 62 51 51 44 34 31 40 32 35 41 13 8 12 21 24 27 38 36 100 120 70 48 35 25 41 59 64 64 11 21 14 21 21 31 27 41 32 26 29 26 24 12 29 17 15 18 22 28 42 34 27 36 33 33 52 43 42 42 15 9 18 20 30 41 23 20 25 16 21 11 21 26 11 24 27 17 14 9 12 19 22 25 19 14 21 19 33 12 26 38 30 16 18 28 26 25 16 16 17 15 18 21 4 14 21 21 6 10 24 15 11 12 10 3 14 15 28 31 17 19 21 25 20 10 10 16 11 10 5 12 9 13 16 21 17 11 16 20 33 40 39 9 39 27 24 30 34 46 38 27 15 24 17 18 28 14 7 8 23 28 32 32 31 35 31 35 43 39 32 27 29 39 24 34 19 24 27 27 14 21 17 15 18 16 10 11 21 27 23 18 22 15 9 17 28 13 12 26 32 37 46 43 57 62 42 33 68 101 29 18 23 37 35 23 52 18 7 22 40 30 11 26 26 71 77 54 17 9 25 38 63 87 40 7 10 22 38 25 23 26 7 9 30 55 53 50 38 44 41 73 52 29 44 27 27 13 4 16 37 35 11 8 21 32 14 36 55 91 121 121 68 31
"80254" 47 71 97 79 86 69 53 63 48 59 97 94 134 18 15 37 39 59 45 25 81 113 19 13 34 34 14 22 26 40 47 12 27 48 49 100 91 106 84 100 124 122 33 25 22 82 105 110 101 16 26 44 80 85 88 89 92 110 73 17 28 35 32 41 44 35 41 40 45 58 21 35 38 16 27 38 66 60 77 76 149 124 73 55 52 35 41 35 43 37 47 53 36 10 26 16 17 23 41 55 131 53 68 100 52 29 50 56 55 61 12 18 16 23 24 31 35 31 24 28 28 32 40 31 21 9 13 19 26 28 39 38 17 35 35 28 29 36 23 38 18 22 25 19 28 40 15 12 23 22 30 28 15 26 25 54 37 24 13 15 14 14 20 16 17 18 19 26 31 39 26 12 18 23 17 18 33 12 16 16 21 20 22 36 20 25 24 22 12 12 14 25 19 14 19 11 10 15 20 25 31 22 16 19 21 14 17 18 17 18 5 9 13 14 19 16 12 11 23 23 33 36 40 12 12 20 31 31 32 34 32 25 24 12 13 20 21 11 7 12 16 15 22 39 33 16 25 39 35 32 41 32 11 21 16 30 24 24 31 36 18 13 13 18 22 23 17 44 49 58 60 47 15 21 38 61 35 26 38 42 36 17 23 54 74 47 24 28 39 65 58 40 16 69 38 47 36 18 16 30 39 14 21 58 31 32 49 48 23 18 40 47 58 83 36 12 21 37 59 34 21 16 16 30 39 56 78 55 71 46 70 50 25 38 99 42 27 23 11 32 105 36 20 31 61 69 49 56 59 80 132 199 186 36
"80255" 120 120 175 207 161 115 84 120 136 138 158 186 116 39 26 54 52 46 65 68 95 91.5 88 29 46 47.5 49 47 82 110 109 89 23 48 66 97 122 152 73 84 76 78 21 38 52 67 74 94 111 42 34 61 48 68 58 77 102 73 85 93 70 107 72 71 48 45 84 71 53 27 24 27 26 41 19 21 35 59 47 52 60 87 50 38 37 37 56 74 53 56 53 54 18 17 26 37 53 45 37 48 60 117 87 43 36 36 39 39 73 59 34 24 8 15 16 25 34 39 56 64 45 42 48 14 25 21 19 23 32 31 25 31 42 53 73 53 19 30 39 37 29 13 19 25 51 45 24 11 16 10 18 26 28 18 16 9 14 31 16 24 27 30 13 19 28 42 25 17 4 8 13 21 17 22 24 15 26 20 12 16 10 19 27 21 8 12 15 13 20 13 13 18 19 18 8 14 16 21 27 31 14 13 13 21 21 10 16 18 14 11 10 14 19 19 15 20 24 12 19 23 22 27 28 30 12 19 21 27 31 34 37 31 22 17 22 19 38 53 20 13 21 22 29 25 21 32 33 22 25 24 22 25 28 19 13 22 27 25.5 24 26 40 18 17.5 17 18 10 6 12 17 34 18 21 13 28 8 17 26 37 28 27 22 25 33 33 40 42 36 31 60 53 77 23 20 42 65 47 25 32 14 22 35 70 54 30 45 49 47 72 48 49 41 65 66 83 77 59 23 31 53 79 95 75 30 38 51 58 75 78 52 57 52 65 44 21 40 41 14 23 20 21 24 40 108 56 40 53 86 101 88 146 149 141 175 73
"80256" 149 106 210 228 267 181 91 116 172 172 177 227 121 55 25 41 67 67 74 108 153 119 115 46 46 85 64 65 102 97 93 118 32 53 85 106 150 165 73 90 60 69 30 40 54 74 89 94 106 74 63 65 55 58 71 72 99 85 105 117 95 123 90 62 48 51 51 47 48 32 35 35 34 51 26 21 29 45 38 46 47 90 61 33 36 48 63 59 54.5 50 46 45 19 15 21 44 58 45 42 45 50 104 82 52 39 35 40 28 54 67 45 24 12 12 18 21 35 30 68 76 46 41 32 25 21 19 20 23 28 27 28 40 55 83 68 46 17 33 38 37 32 15 19 25 36 29 28 29 20 11 17 29 32 17 19 10 14 24 19 28 32 36 16 19 31 43 24 19 9 11 19 24 18 21 25 16 26 16 14 19 12 20 30 24 10 16 13 14 13 15 15 22 23 18 11 18 19 30 27 29 21 11 11 17 22 9 17 17 16 13 10 18 16 12 19 24 25 19 18 23 24 27 32 35 11 19 23 30 37 39 36 33 28 20 27 26 37 42 11 11 20 23 30 28 23 32 35 23 26 25 26 32 33 21 11 25 24 17 27 32 34 36 22 15 18 11 7 23 22 26 20 23 14 25 12 17 23 27 23 22 21 27 31 31 39 36 42 41 61 59 79 29 15 52 59 73 28 24 14 27 38 33 58 31 39 47 55 67 52 41 46 56 61 72 89 66 22 36 50 70 74 74 36 52 46 66 74 61 60 62 46 60 39 19 39 32 12 20 17 20 25 46 82 74 39 50 91 100 88 140 185 159 158 79
"80257" 47 39 20 23 28 45 56 41 44 62 56 30 10 9 15 23 30 37 39 38 91 101 27 38 38 37 42 31 39 40 28 31 36 14 19 32 26 18 13 15 16 11 15 9 17 27 28 36 32 49 63 31 27 33 27 41 39 25 28 27 47 37 56 45 37 36 41 33 33 36 34 31 33 33 36 22 12 13 12 10 13 14 9 16 18 28 31 30 21 13 20 28 26 16 11 17 21 27 30 30 38 37 32 18 41 36 28 26 19 14 18 22 12 10 17 23 19 22 38 36 28 24 18 17 13 12 17 19 24 25 29 33 39 42 38 32 19 24 32 35 25 19 33 31 21 21 18 19 21 20 15 16 28 35 41 40 24 28 27 25 22 25 26 27 27 30 22 13 13 11 13 13 22 9 9 10 12 11 10 12 15 18 18 12 13 18 17 15 19 13 14 18 18 17 23 18 14 14 13 11 11 11 12 11 17 17 13 11 8 14 15 15 11 13 13 15 24 30 17 21 26 27 24 23 19 19 23 30 25 17 18 13 17 15 13 24 22 19 14 9 13 14 13 12 17 18 17 16 16 16 20 24 22 25 27 11 7 9 9 19 17 20 21 8 8 9 11 17 22 23 25 28 27 14 20 19 11 20 17 10 9 13 25 23 32 33 38 44 39 37 34 42 18 29 25 28 33 29 14 15 17 13 11 12 10 35 35 29 26 34 26 24 23 23 25 31 30 23 38 51 34 28 33 18 23 26 33 45 46 38 33 24 17 16 10 14 16 16 25 23 19 26 22 35 26 24 28 34 28 37 39 45 81 60
"80258" 82 51 84 59 43 71 61 55 61 101 75 48 25 20 22 23 37 42 43 50 105 122 60 64 37 48 64 39 39 40 39 62 21 34 50 66 71 51 50 51 28 26 14 8 30 35 46 54 63 82 67 44 34 43 42 66 37 36 39 65 68 55 55 51 34 38 54 40 32 37 32 17 26 32 41 15 19 41 21 11 28 22 29 18 26 35 35 32 44 41 33 31 19 17 17 20 27 25 25 31 34 95 42 30 45 35 32 25 30 41 24 18 16 11 18 16 19 24 40 35 28 25 17 16 14 19 20 17 28 29 27 31 36 36 37 32 15 20 29 39 22 28 42 29 23 34 26 21 24 27 10 24 32 25 52 34 22 20 22 21 24 26 35 28 23 27 30 15 15 12 15 11 20 10 10 6 9 10 8 10 14 17 16 8 11 10 14 12 11 7 14 18 18 18 23 20 19 13 19 9 7 8 7 7 15 19 15 10 8 6 10 10 7 14 14 17 24 26 13 19 17 20 26 27 16 19 20 22 31 19 23 15 24 13 20 22 30 34 16 13 18 17 18 20 19 23 25 24 19 24 24 28 30 36 38 7 10 13 16 16 17 19 15 8 12 13 23 25 25 33 39 46 20 17 24 17 19 23 15 12 10 20 27 38 42 46 54 41 35 40 43 55 19 30 29 38 86 77 17 15 21 18 29 20 19 43 43 50 33 36 33 27 33 31 37 58 19 34 57 49 59 53 38 25 31 50 47 55 50 50 38 19 50 13 26 34 32 18 26 17 22 28 52 52 29 32 45 46 47 56 161 198 190 98
"80259" 203 171 234 225 277 161 97 148 86 46 124 136 145 26 19 23 38 53 55 47 131 155 156 28 43 75 46 23 36 81 105 61 30 54 94 120 219 193 150 102 72 50 66 42 37 50 73 72 94 31 47 29 37 65 94 98 84 64 108 82 79 76 45 75 73 92 68 52 46 40 19 34 37 35 27 33 40 60 83 84 116 146 52 39 65 59 47 50 61 31 46 43 30 16 17 30 48 45 35 40 134 168 80 101 86 40 48 68 48 46 13 17 15 28 29 38 21 41 50 48 49 38 22 13 12 15 18 27 28 35 27 30 32 37 38 36 18 39 34 41 34 18 25 25 33 32 20 7 16 17 29 18 19 27 13 23 21 24 22 24 26 31 24 27 24 22 29 33 25 16 27 32 23 22 24 19 14 24 12 17 21 25 28 15 8 20 21 16 23 26 20 15 12 19 16 17 20 20 22 25 11 14 17 26 23 19 16 20 16 7 9 16 14 14 19 19 19 14 14 28 38 36 42 19 18 21 23 27 33 33 26 26 19 24 19 15 27 20 5 11 19 23 31 29 36 37 39 49 61 43 26 36 38 47 49 19 24 25 27 29 25 18 9 19 24 26 16 24 23 22 19 18 34 26 16 21 48 35 22 22 26 51 50 50 83 73 62 34 73 64 53 21 21 32 48 70 41 19 11 38 77 110 13 38 71 49 82 105 18 28 62 55 120 94 94 29 19 40 64 40 64 35 34 29 60 87 87 100 35 50 53 84 25 34 70 68 41 37 11 30 32 104 54 59 48 84 99 68 140 66 75 135 175 108
"80260" 62 70 44 62 74 51 52 87 45 38 40 27 13 21 5 24 35 41 63 71 94 113 43 44 57 81 33 46 79 101 124 68 63 43 13 11 15 16 13 11 11 25 27 14 13 49 70 94 55 41 48 63.5 79 89 22 29.5 37 64 67 61 62 76 45 56 61 56 49 68 38 33 42 25 55 62 39 32 24 18 30 31 44 47 15 9 19 22 33 23 28 37 41 32 27 30 33 10 22 44 47 19 16 32 33 37 29 40 45 40 24 26 47 30 32 7 6 18 43 34 15 32 39 27 18 16 24 33 8 14 33 22 5 11 32 35 33 22 27 34 31 29 33 23 13 25 24 17 13 17 18 22 30 28 26 23 11.5 13.75 16 11 8 10 15 20 22 24 14 25 20 14 14 11 11 12 11 10 8 5 7.5 10 13 12 13 14 17 12 9 9 9 11 11 11 11 9 12 14 16 21 15 24 14 14 15 13 13 14 16 20 22 28 26 31 23 15 14 12 13 12 10 9 8 9 13 6.5 11.75 17 18 17 12 16.5 21 22 16 14 14 11 8 12 15 13 13 6.5 13.25 20 23 23 21 16 11 18 23 16 12.5 9 8 4 8 5.5 3 7 13 12 11 18 16 14 17 22 23 24 21 24 18 18 26 29 24 21 24 19 14 19 11 16 12 19 24 35 33 23 32 39 34 16 7 29 34 39 27 25 13 14 27 31 26 12 5 3 14 21 9 20 26 33 47 47.5 48 47 55 57 57 40 38 52 65 41 34 16 11 21 28 31 42 36 29 34 16 36 61 27 8 17 14 7 14 32 44 39 38 47 64 83 87 85 67 93
"80261" 43 15 30 70 158 158 59 38 23 29 89 100 61 4 7 15 27 32 36 9 55 113 31 9 31 27 5 15 22 61 59 8 13 42 40 142 111 46 37 45 88 154 105 9 9 24 71 156 146 8 8 28 61 98 53 8 76 89 58 11 24 50 129 133 127 180 114 62 119 21 7 33 53 25 11 36 27 65 99 97 204 36 21 29 39 27 62 81 58 49 59 63 49 23 17 21 7 17 78 114 114 163 147 86 37 15 32 32 40 31 14 12 30 24 33 18 50 35 15 15 44 41 44 17 17 10 17 24 26 32 51 44 19 34 62 48 31 18 66 50 30 15 16 30 33 40 63 32 34 31 41 37 11 16 18 24 14 21 17 12 10 16 22 12 27 36 41 40 55 40 27 22 25 30 30 38 28 21 27 20 28 25 37 39 20 23 25 27 12 7 25 23 25 23 18 11 14 25 35 41 42 36 23 20 40 15 40 36 17 20 10 16 20 23 39 32 22 16 19 31 51 39 34 15 19 23 24 34 30 35 41 32 15 13 10 10 22 25 36 20 12 20 30 27 33 39 59 70 66 63 65 23 24 37 13 20 20 36 57 45 34 15 10 25 13 13 17 28 61 38 19 68 5 11 33 30 14 7 31 59 42 22 13 37 59 47 10 17 17 43 24 6 4 145 73 8 23 18 9 18 39 13 4 10 4 23 54 133 16 3 24 27 70 149 123 6 7 39 53 34 14 5 5 11 27 57 86 134 42 88 104 42 18 19 58 64 42 9 3 17 76 39 4 6 18 35 36 88 98 38 53 138 185 14
"80262" 43 56 63 81 63 81 96 109 115 130 144 89 85 35 29 45 47 51 63 92 95 127 100 44 50 70 69 69 69 87 109 113 71 116 138 153 133 128 86 51 48 71 51 25 32.5 40 61 72 61 38 55 65 19 46 45 40 62 84 69 48 45 42 50 53.5 57 61 43 39 38 42 29 16 35 54 51 34 38 42 38 41 31 16 10 15 13.5 12 25 19 34 31 35 48 20 12 23 20 38 39 39 52 41 32 39 22 29 36 45 18 30 23 18 8 11 19 19 34 33 35 25 40 57 36 53 45 23 23 19 8 15 8 11 23 27 33 39 45 47 23 30 33 20 15 24 38 41 26 25 27 28 33 41 9 9 13 7 10 21 26 25 26 27 17 23 29 31 17 18 28 23 23 30 14 19 23 28 35 28 31 23 24 20 23 38 24 10 19 28 38 27 28 31.5 35 10 6 16 26 25 26 27 23 24 26 19 21 15 20 8 4 7 11 15 14 12 18 12 11 19 15 15 19 13 13 18 5 13 19 33 33 26 22 26 20 19 25 39 12 14 8 12 14 29 22 25 23 30 40 48 57 51 46 31 36 10 11 6 16 24 41 37 43 26 23 12 8 15 13 14 12 15 29 36 18 29 24 19 19 19 13 6 12 18 11 18 16 13 14 23 39 39 36 28 9 18 55 51 35 26 29 29 51 49 62 57 45 15 20 22 25 28 43 60 59 73 64 46 63 73 76 30 52 63 57 40 27 33 55 54 52 52 73 93 89 111 74 36 52 75 28 19 37 50 25 46.5 68 85 90 91 105 109 113 154 164 136 175
"80263" 28 45 36 30 25 29 24 37 42 77 46 21 23 7 7 20 33 34 23 31 34 55 10 24 27 25 33 25 24 27 28 38 33 27 15 15 21 12 8 17 11 15 23 7 17 27 21 31 27 70 76 19 19 35 42 71 23 16 30 32 49 39 37 36 32 30 35 38 23 22 33 23 24 26 30 30 21 20 18 30 23 17 4 11 21 32 33 26 14 16 23 24 17 24 23 6 22 28 20 17 25 44 30 42 28 27 34 26 17 9 11 27 27 8 13 13 23 32 21 17 19 13 25 14 10 14 5 18 16 18 24 37 25 27 31 23 15 14 20 16 17 13 34 26 28 25 13 8 6 15 15 18 26 29 26 21 17 12 9 9 16 17 27 23 20 21 21 14 10 11 11 9 9 10 11 13 9 8 15 14 16 12 13 8 8 10 12 16 13 16 16 20 18 16 17 9 5 6 7 8 9 8 8 7 10 11 6 3 5 5 8 9 7 12 11 13 21 27 18 14 20 22 18 16 9 9 18 18 16 11 7 9 12 10 7 8 7 7 6 9 5 6 10 19 20 15 10 8 11 15 12 11 13 21 19 14 4 7 6 8 16 13 12 15 9 12 12 18 10 15 18 12 11 9 13 17 15 9 8 4 6 14 23 20 21 26 29 29 29 30 34 36 5 16 16 23 20 21 8 14 27 30 5 4 5 35 25 27 19 19 22 24 25 32 24 29 53 18 30 43 33 33 53 24 28 39 25 20 22 23 26 41 46 35 6 19 29 30 11 29 30 9 33 44 36 34 34 29 52 45 52 63 46 57
"80264" 114 48 76 84 105 134 135 118 85 17 18 25 58 16 13 27 46 72 65 18 26 38 57 13 14 41 39 45 53 50 90 47 8 18 71 68 52 58 75 7 43 26 35 31 22 20 40 35 55 54 42 9 18 44 75 15 40 52 64 79 19 50 73 71 69 64 72 94 50 60 14 21 37 43 10 9 44 47 40 42 13 116 25 20 27 57 84 49 38 52 25 28 24 16 28 48 28 20 41 44 102 96 35 31 39 29 27 27 15 31 11 21 18 21 38 25 36 45 26 35 26 29 18 13 23 17 16 18 20 16 21 27 46 41 33 30 25 7 17 22 95 46 32 16 28 27 20 7 8 15 13 18 38 13 14 10 20 21 19 23 24 13 9 18 17 19 27 22 6 7 18 31 31 33 22 2 8 17 17 18 12 9 13 12 18 20 15 18 22 19 16 2 29 16 27 29 8 11 6 10 11 7 19 18 17 25 9 4 3 7 6 10 11 12 9 10 12 10 10 11 18 23 16 34 11 11 9 15 15 16 20 8 12 24 16 16 19 18 6 3 16 10 13 28 31 12 11 11 20 28 26 14 10 13 19 4 12 11 15 22 23 18 7 6 11 20 11 18 42 43 42 21 28 5 8 11 34 8 8 18 31 41 18 25 19 32 61 72 23 25 59 37 10 42 33 59 14 12 12 25 37 75 7 25 28 21 46 86 75 16 26 59 42 65 108 83 9 13 33 102 57 17 18 46 60 77 96 117 71 58 47 68 11 15 32 40 15 21 18 13 41 67 21 20 31 45 66 73 88 80 67 116 150 151
"80265" 38 35 57 71 70 118 109 44 25 31 36 27 28 10 29 44 36 33 44 17 29 193 34 15 17 34 44 30 29 33 63 27 32 58 54 76 77 84 74 83 85 104 100 41 34 39 65 84 106 28 14 32 29 53 19 45 37 58 41 22 23 47 71 74 51 55 65 75 48 16 15 19 32 17 27 28 51 51 77 57 61 41 19 38 39 42 41 62 88 73 49 47 44 102 323 37 10 17 39 37 50 48 106 71 56 39 31 26 29 24 24 31 33 29 27 16 20 17 23 19 21 18 20 15 25 11 22 28 30 26 34 38 27 21 24 36 29 36 18 87 59 30 24 20 20 19 19 27 27 28 22 21 16 14 18 22 18 20 25 10 20 22 20 26 35 25 12 23 22 30 16 19 27 16 11 11 22 20 17 17 22 22 26 9 13 16 24 17 13 9 25 15 41 30 15 9 6 17 26 32 38 44 25 7 17 15 14 8 8 7 6 15 24 15 21 23 12 4 11 15 15 9 9 16 10 16 15 30 26 21 43 37 14 14 18 21 12 14 20 19 8 9 17 15 16 14 28 39 22 18 21 24 19 15 13 17 20 18 17 32 21 10 11 17 18 29 18 15 16 40 24 12 14 20 16 15 13 12 20 37 20 26 38 42 46 32 30 24 24 22 22 19 7 34 66 18 68 115 35 23 24 32 14 27 41 43 44 60 46 15 41 34 22 41 42 18 11 20 46 82 34 30 29 37 27 24 68 93 50 26 50 17 17 26 52 78 50 26 16 33 37 50 32 50 51 78 104 112 61 86 79 64 73 56
"80266" 155 171 188 200 267 195 110 194 56 35 62 148 122 14 19 64 55 61 63 15 92 212 123 14 27 57 47 38 43 69 106 33 24 49 87 98 117 126 113 74 103 58 101 33 35 36 68 79 98 44 47 22 41 56 72 42 60 60 84 86 43 83 97 97 92 106 112 88 46 32 10 28 39 30 27 31 46 63 70 90 178 84 46 56 50 77 65 49 37 52 43 37 35 20 19 30 17 34 45 45 173 153 77 83 76 34 44 53 42 43 16 15 27 30 34 30 31 37 21 32 39 33 39 17 15 18 18 23 26 37 41 34 23 31 38 35 28 41 36 47 46 19 25 26 30 38 32 10 26 39 37 24 18 23 24 30 26 27 13 21 19 27 22 32 31 27 29 44 21 10 23 31 26 24 29 15 17 23 14 15 19 25 29 30 12 18 17 20 16 22 23 18 11 25 29 9 9 22 24 26 13 18 21 27 24 15 23 23 9 9 7 22 20 20 20 19 14 12 19 29 34 28 38 17 20 18 25 26 34 33 29 25 12 25 12 14 25 30 10 16 18 26 35 38 49 51 50 58 50 53 41 39 46 47 22 11 19 29 30 29 28 24 11 11 17 26 20 28 29 39 26 35 24 16 24 29 38 18 36 25 31 35 24 41 73 93 94 85 49 60 40 17 8 38 49 56 33 18 10 22 46 57 8 29 39 44 71 105 35 17 41 65 90 86 135 31 13 33 61 96 41 17 26 44 52 82 99 131 92 58 54 52 12 18 47 80 29 36 18 31 29 64 19 25 57 82 113 90 111 55 97 138 183 123
"80267" 103 164 157 139 165 227 91 105 99 79 103 130 126 23 13 57 73 71 84 49 82 212 57 11 35 51 14 27 50 63 95 53 35 66 64 97 144 167 163 133 111 84 56 59 41 71 80 89 64 25 38 53 85 126 153 129 101 107 82 19 34 49 36 47 69 74 73 53 49 53 29 36 41 19 34 47 67 55 60 62 70 120 84 68 62 61 45 41 45 51 48 63 36 26 35 27 29 32 48 52 133 92 79 70 39 42 45 57 52 102 20 22 19 27 63 48 37 53 42 51 37 36 39 33 63 22 27 29 29 38 50 44 33 34 32 35 34 30 45 58 25 29 27 24 38 47 22 27 39 40 34 34 36 30 39 58 48 39 21 19 20 24 25 31 26 24 24 23 36 43 44 35 36 27 24 28 33 35 32 35 31 30 32 28 20 32 36 38 18 18 22 32 24 26 22 17 23 31 33 34 34 34 19 20 30 20 23 28 32 37 17 14 14 16 22 19 17 17 27 25 26 40 36 17 20 28 29 33 65 66 46 24 23 21 17 15 24 18 12 21 20 31 32 28 31 27 32 33 43 52 42 37 33 47 34 29 27 25 30 18 14 20 29 32 30 22 23 59 53 51 62 60 33 24 22 44 76 57 39 53 64 35 33 51 54 77 61 59 49 61 54 40 49 85 41 28 35 19 14 27 62 37 26 40 24 34 67 49 24 22 46 94 75 107 94 10 24 34 77 79 18 16 11 27 61 78 118 141 50 78 86 71 42 61 96 61 49 11 7 17 62 53 13 10 34 42 32 50 84 105 173 243 194 47
"80268" 146 77 120 118 166 154 161 147 80 24 42 44 65 15 16 31 57 79 79 22 55 85 86 12 18 46 31 40 51 76 123 52 14 32 86 122 98 99 114 30 59 36 37 26 20 24 76 59 76 38 44 14 30 53 66 22 55 75 107 83 25 62 87 108 89 73 70 98 59 47 13 24 33 40 13 20 67 71 52 69 72 125 29 33 59 67 76 77 48 50 31 35 27 13 23 48 18 28 41 38 128 112 49 58 55 37 37 47 26 43 16 24 25 26 39 41 35 56 17 41 40 41 28 12 18 13 18 15 31 47 33 31 40 51 33 34 30 13 13 30 85 43 38 16 35 36 37 17 15 37 28 24 32 16 18 18 24 21 19 23 23 20 13 22 21 27 36 29 6 8 21 33 31 33 28 8 9 20 19 14 17 13 15 17 14 19 16 17 26 21 23 8 19 14 29 22 11 14 18 18 18 13 13 23 29 24 15 7 5 7 7 12 11 15 14 14 19 11 7 11 16 17 23 35 11 15 15 20 26 26 27 13 11 21 19 17 25 27 9 5 15 15 22 35 41 25 18 20 29 26 37 24 21 34 30 14 13 21 29 34 37 33 8 8 20 27 24 19 36 31 35 23 27 12 16 21 43 15 19 55 37 37 22 33 35 42 65 77 29 34 77 40 10 55 47 50 23 21 13 29 48 88 9 23 29 23 64 111 61 20 32 89 67 80 134 63 13 22 48 108 63 29 17 46 87 87 104 146 86 75 61 114 19 14 35 61 22 23 18 22 54 80 22 22 35 59 55 80 108 136 136 141 164 108
"80269" 58 60 45 57 68 58 46 71 53 48 55 27 12 15 20 25 28 27 42 52 26 32.5 39 42 46 50 36 39 58 67 67 67 40 32 16 15 14 17 14 11 13 22 27 16 24 32 36 66 62 43 43 64 68 62 44 26 34 54 61 72 64 80 56 54 78 83 81 61 51 38 51 30 49 52 48 27 20 15 31 30 40 33 12 9 20 18 29 26 29 31 34 28 25 31 22 12 20 40 44 27 14 30 31 32 28 44 40 34 23 18 34 26 22 8 6 15 29 33 17 38 39 25 17 15 25 28 7 17 32 18 6 11 30 43 39 23 25 29 28 31 31 22 14 15 22 16 9 14 20 30 31 24 22 23 15 16 18 12 7 11 13 25 25 19 13 23 20 11 12 12 12 16 9 8 10 8 7 11 14 12 12 15 17 13 8 10 8 9 14 13 15 12 14 17 13 21 17 15.5 14 11 11 11 14 15.5 17 21 25 26 29 32 25 13 16 12 19 18 8 7 6 7 8 12 11 13 16 13 12 14 17 24 18 15 12 16 8 10 12 13 12 11 10 22 24 24.5 25 17 11 20 25 22 15 10 8 5 7 6 5 12 14 14 13 10 13 15 17 18 25 24 24 26 21 20 23 23 23 21 26 14 16 18 12 18 11 16 27 38 30 24 31 39 38 16 6 37 41 37 24 20 12 13 23 32 19 6 4 6 15 19 13 24 32 35 44 45 48 51 49 47 57 45 47 52 57 45 28 13 11 26 36 41 40 39 27 28 14 35 79 22 11 19 10 8 19 34 41 33 34 46 65 66.5 68 77 86 102
"80270" 117 166 113 80 91 90 63 55 139 65 77 78 41 29 26 26 35 40 42 69 71 66 56 52 30 53 76 36 30 43 45 70 18 33 69 69 78 52 64 33 27 43 13 24 37 33 57 73 77 73 67 37 36 41 45 50 31 41 51 85 76 56 55 53 34 29 39 43 33 27 23 19 25 51 34 11 30 50 53 41 33 90 39 24 45 52 42 50 29 31 41 37 16 10 14 25 31 28 27 28 65 132 48 37 65 37 29 24 34 31 18 17 16 14 18 13 22 20 46 29 28 21 14 7 12 16 19 19 25 35 30 24 25 22 25 27 9 21 11 25 46 52 30 17 17 30 5 14 17 10 19 21 28 22 24 4 10 16 14 18 21 18 21 22 19 19 25 20 4 4 6 13 21 17 6 8 9 10 9 9 6 13 15 14 6 7 9 8 7 6 8 11 16 14 9 12 24 14 9 9 4 4 4 7 11 14 13 11 6 3 5 6 11 9 10 14 14 12 16 11 16 19 25 19 10 16 13 12 18 15 18 11 11 10 18 19 21 29 13 7 14 16 16 13 20 26 16 12 12 10 23 23 26 33 11 5 6 8 11 12 14 30 5 6 8 5 9 13 17 23 30 31 10 26 8 6 12 22 9 9 7 13 36 30 32 28 27 25 23 29 31 56 17 27 24 47 78 46 12 17 25 44 24 18 51 45 39 43 35 28 30 23 33 38 28 44 20 28 53 42 53 66 24 27 34 46 54 47 37 30 35 36 48 17 41 50 18 23 23 17 29 54 74 34 36 34 41 44 57 154 211 201 130 100
"80271" 25 16 18 23 16 24 38 46 55 56 40 16 16 60 13 21 18 28 42 36 22 27 33 37 38 47 21 37 46 55 62 82 105 61 42 30 41 38 20 29 39 33 44 19 13 39 33 49 54 19 41 16 9 15 12 22 44 42 89 59 29 15 37 46 47 36 13 23 40 44 15 9 29 52 51 36 38 30 26 9 10 14 18 22 30 10 25 12 26 36 24 24 9 13 31 13 24 19 37 46 41 44 49 28 17 33 47 31 22 24 38 37 20 11 8 24 22 25 14 27 25.5 24 8 9 30 23 15 11 6 5 4 12 22 23 25 15 26 28 24.5 21 24 12 30 36 24 17 16 17 16 20 20 21 21 11 13 6 13 18 13 17 18 17 20 14 14 10 13 18 18 9 22 14.5 7 9.5 12 14 18 13 13 13 11 16 13 12 6 11 9 10 11 12 10 7 9 11 9 18 15 16 17 6 8 14 11 12 11 13 11 6 9 8 13 14 9 8 10 7 10 15 7 11 5 6 10 10 9 14 21 12 16 22 15 20 22 15 16 10 6 8 5 12 24 11 11 16 22 20 19 20 21 22 20 16 12 15 4 5 12 23 21 14 9 9 13 8 9 11 15 15 12 9 8 8.5 9 10 12 15 18 7 6 5 8 5 9 17 16 5 8 14 16 20 22 20 10 29 29 29 20 15 19 26 20 27 20 23 23 9 14 8 15 31 29 35 36 31 28 49 48 29 20 34 31 45 33 9 15 14 15 35 18 25 32 28 9 34 49 11 5 19 17 16 21 28 35 43 33 42 29 43 63 53 56 73 75 57
"80272" 16 15 22 14 15 19 21 26 15 11 13 28 21 11 5 5 14 14 22 25 39 72 30 10 30 24 24 24 23 21 18 21 22 39 43 36 22 16 13 18 22 14 12 13 4 9 17 27 23 24 25 24 17 23 32 24 32 20 21 30 42 44 37 31 28 30 30 30 34 26 28 23 27 39 37 23 36 24 40 33 30 20 14 11 8 8 20 25 29 26 14 31 29 23 14 15 5 23 32 26 25 30 27 29 15 20 28 24 13 13 18 22 30 15 7 9 18 27 18 15 22 19 20 10 10 10 7 8 16 26 28 20 17 25 29 29 10 12 18 16 10 11 8 20 19 19 22 37 18 11 14 19 19 20 17 12 10 10 7 7 9 12 20 26 19 13 9 6 7 7 7 8 8 7 7 8 6 9 7 7 5 7 6 5 3 5 8 7 12 15 12 13 9 9 17 23 13 9 6 6 7 10 5 8 11 14 5 4 6 9 7 8 7 13 14 16 16 13 13 13 13 13 11 8 8 9 11 11 9 7 13 13 5 8 8 9 14 19 9 4 9 4 4 6 6 5 4 4 4 7 10 10 15 17 17 14 18 11 16 12 14 26 20 23 19 12 13 12 12 12 14 13 13 19 15 18 18 8 8 8 8 10 8 6 11 15 15 24 24 30 35 31 11 18 21 25 30 26 16 20 34 32 20 10 6 6 15 18 12 16 19 24 24 22 23 26 29 28 22 30 31 31 30 23 30 31 30 14 20 14 16 19 20 20 13 21 22 16 6 11 16 12 6 11 21 19 18 17 23 31 30 27 33 36
"80273" 80 86 85 95 122 128 93 94 94 184 200 84 41 27 21 27 36 51 59 68 92 137 100 74 46 65 51 61 87 91 81 106 75 65.5 56 91 71 88 78 64 50 22 10 15 43 56 69 79 89 50 58 71 72 58 44 57 72 76 61 72 108 88.5 69 64 58 70 60 65 50 46 34 34 46 50 54 14 12.5 11 18 25 23.5 22 13 33 30 40 20 26 32 44 41 36 20 9 14 15 36 43 43 45 34 49 49 32 50 47 38 28 22 43 37 18 5 6 13 24 33 33 47 56 45 44 21 20 13 11 18 29 38 20 20 33 44 64 67 55 22 20 37 51 40 12 27 27 30 23 16 18 29 28 18 21 34 30 34 20 21 27 21 37 37 43 34 22 28 36 38 24 13 17 15 11 7 10 19 18 14.5 11 15 17 21 26 22 16 11 15 12 13 15 15 13 14 14 16 18 20 28 28 24 10 16 13 15 13 23 25 17 15 12 14 18 16 14 14 15 29 35 28 20 20 17 23 34 34 29 23 27 29 36 31 43 43 31 20 23 31 41 32 16 9 23 24 22 28 25 23 28 32 25 18 14 23 30 29 13 8 21 18 24 25 27 23 17 7 10 13 15 14 19 29 28 32 54 18 21 14 16 10 30 12 21 27 33 32 46 42 38 49 56 59 71 57 15 56 60 70 51 43 12 31 32 21 14 11 14 44 53 44 24 42 64 55 53 55 64 67 36 47 58 81 80 73 57 24 59 82 62 55 56 64.5 73 97 66 9 33.5 58 36.5 15 17.5 20 24 40 47 43.5 40 50 62 74 83 92 130 195 197 197
"80274" 64 60 64 60 79 56 81 110 188 189 145 116 153 54 23 35 44 52 64 88 97 111 108 121 60 89 88 74 78 109 122 137 170 132 152 95 105 178 169 116 83 82 64 17 19 29 46 60 69 57 94 64 35 28 32 24 35 55 70 83 84 62 43 59 81 91 67 54 56 58 18 10 38 67 63 29 22 27 32 56 53 21 10 15 31 19 30 28 27 57 48 52 32 9 20 24 27 30 40 49 39 31 42 42 28 38 57 28 27 32 42 5 3 7 22 28 28 32 27 30 42 39 51 47 27 26 29 18 17 20 17 18 20 42 67 55 39 37 61 56 46 11 25 30 32 54 51 38 46 41 40 7 17 8 17 11 19 41 27 27 21 19 11 19 32 23 22 27 28 29 29 12 15 21 24 24 23 20 21 19 20 28 22 16 3 9 23 36 28 27 19 14 11 9 5 20 22 22 27 18 21 18 18 28 23 29 13 4 2 6 13 20 11 11 12 13 13 13 6 11 11 12 17 7 12 23 20 23 43 31 29 28 20 24 41 14 9 4 5 11 26 20 18 44 39 40 51 37 24 25 28 22 45 37 4 10 12 20 32 54 59 39 12 4 10 8 7 7 7 11 17 18 22.5 27 26 29 19 8 7 6 21 10 11 19 11 13 17 36 67 68 48 5 14 54 64 74 26 26 53 62 69 69 68 32 10 8 24 27 30 33 67 72 79 85 51 84 121 95 40 57 70 52 43 28.5 14 35 48 56 64 80 40 75 110 116 31 43 77 40 19 28 46 56 65 73 94 83 81 101 114 127 166 141 104 104
"80275" 139 164 207 235 275 103 76 101 110 51 93 162 127 21 19 25 42 54 49 49 88 151 90 15 42 54 38 23 32 46 69 50 22 62 104 133 169 208 163 111 114 86 37 60 87 72 72 95 74 19 42 44 56 80 120 83 125 111 111 69 63 57 45 57 66 64 54 37 44 53 26 24 37 33 21 32 60 65 74 80 73 169 75 58 62 46 38 40 54 52 51 58 27 17 31 37 43 45 41 42 97 164 87 49 34 37 46 60 73 75 18 20 13 17 25 37 29 50 50 35 45 37 31 17 42 22 25 30 36 24 29 27 30 33 33 49 37 43 53 48 25 18 21 21 31 40 17 15 31 19 34 18 20 19 16 21 20 22 27 23 21 33 26 19 20 21 26 22 36 22 27 39 29 24 29 33 25 31 18 19 16 24 35 25 12 21 18 18 22 24 22 20 20 18 20 16 24 26 32 34 28 19 26 31 29 17 23 24 21 9 11 18 20 23 21 18 21 19 20 32 45 46 42 13 22 34 32 29 31 38 42 41 21 25 24 23 38 20 8 17 26 32 33 41 39 33 40 52 63 56 43 42 47 47 22 34 37 37 34 39 21 23 20 21 33 23 20 22 15 18 24 20 27 41 15 25 39 32 16 25 26 42 57 64 72 47 33 28 70 122 57 25 26 47 45 39 36 24 14 37 63 77 13 27 37 88 73 86 28 24 35 53 87 115 66 22 20 35 52 51 55 52 27 23 42 68 67 63 53 46 49 80 35 28 68 58 42 23 16 29 66 82 78 13 22 48 37 44 74 123 168 176 104 61
"80276" 210 235 253 171 305 179 97 133 143 85 128 149 161 46 20 29 46 56 57 67 155 205 163 33 57 81 58 27 41 75 116 77 25 43 87 123 183 198 190 102 63 48 43 42 35 47 63 67 92 24 51 44 32 61 64 112 49 50 86 88 71 66 57 62 51 53 55 53 47.5 42 21 22.5 24 32 26 33 36 64 62 77 109 162 49 36 41.5 47 43 51 63 32 44 48 19 13 18 36 47 45 36 38 125 152 78 65 50 42 46 66 57 55 20 17 12 23 23 19 22 38 69 43 43 33 23 13 13 17 23 29 26 26.5 27 25 32 31 34 35 20 30.5 41 36 42 18 29 27 29 31 46 6 18 21 24 33 20 23 11 20 18 20 19 24 25 35 27 34 26 23 32 25 23 12 18 24 25 18 23 12 11 21 10 18 15 20 23 15 8 13 19 8 19 15 16 18 17 16 21 18 19 21 24 21 7 11 16 19 21 18 17 17 14 7 7 15 18 18 17 17 20 14 18 23 33 38 38 19 12 21 29 31 32 40 32 30 13 26 32 15 32 26 5 12.5 20 27 29 23 36 42 37 30 42 29 26 33 35 38 34 33 28 23 24 22 16 7 13 18 19 15 12 19 19 20 18 15 29 31 21 26 13 24 35 26 16 29 52 56 79 67 48 29 66 56 74 24 29 33 51 66 44 25 15 25 44 104 22 36 66 56 66 89 32 38 50 52 104 60 78 32 23 43 58 59 54 55 29 32 49 77 79 69 50 33 44 88 32 35 49 57 36 30 18 22 28 75 87 41 36 62 93 98 120 120 106 165 136 118
"80277" 41 45 46 51 44 51 32 39 46 65 81 101 75 13 9 24 38 41 41 23 45 65 24 10 25 37 14 25 25 23 27 17 24 26 26 43 53 31 63 72 44 47 48 29 22 41 43 45 36 11 19 31 43 47 39 38 64 57 37 14 16 21 23 25 27 26 37 26 34 44 14 19 26 12 22 20 39 34 28 44 78 80 52 44 24 19 20 24 31 30 30 33 6 7 18 20 18 19 38 54 133 67 35 67 23 33 48 36 42 107 11 12 11 12 14 17 26 40 25 18 17 24 16 13 22 5 11 16 26 20 22 19 13 23 23 26 23 17 15 39 16 13 11 12 24 30 11 13 20 15 16 12 12 10 12 11 11 13 10 11 13 11 10 12 14 15 15 16 19 15 16 12 16 16 15 19 21 20 10 12 13 18 22 13 14 13 13 14 12 13 17 26 41 18 16 13 14 25 34 39 35 15 15 18 15 22 23 25 16 17 7 13 20 19 17 19 14 13 31 34 23 43 36 12 14 24 33 33 116 45 36 38 24 18 19 15 20 12 7 6 15 15 20 23 23 19 30 37 48 45 48 27 15 21 19 28 32 22 17 14 17 20 29 17 22 29 24 21 18 22 27 27 13 23 27 20 27 36 26 27 15 16 23 45 47 33 15 22 30 48 48 39 13 35 36 31 27 17 15 29 32 21 34 32 13 26 32 38 30 26 28 38 42 59 34 10 22 42 43 34 18 11 20 25 27 37 44 42 87 48 50 43 50 47 45 49 28 11 11 27 44 36 25 19 33 44 46 42 56 75 87 91 64 35
"80278" 93 96 38 56 83 108 97 53 101 27 46 42 47 9 22 32 41 54 55 60 43 72 36 36 23 45 50 49 46 59 48 60 13 33 56 51 62 33 70 25 33 37 16 23 19 46 56 66 98 87 64 27 32 52 50 52 28 47 61 83 69 56 77 71 53 45 65 54 45 48 34 29 30 50 22 16 35 32 50 29 14 22 39 22 41 57 54 31 31 32 32 32 18 22 21 34 26 29 39 37 67 110 59 52 44 49 40 38 48 22 17 21 26 19 29 30 33 29 23 31 33 30 26 19 17 23 14 25 29 32 24 31 33 36 37 41 21 16 13 31 43 89 42 22 31 41 11 21 31 22 26 28 33 37 27 19 24 29 17 29 30 29 27 26 28 34 35 21 9 11 22 35 42 30 9 11 10 17 14 15 15 26 16 11 16 16 19 19 17 9 13 19 20 22 31 20 26 13 15 18 11 18 10 14 17 23 17 9 7 9 10 13 13 15 16 15 21 26 20 20 23 28 37 34 32 26 23 25 33 20 20 17 20 24 25 28 33 21 17 8 17 16 19 12 20 26 21 19 16 21 27 19 26 37 22 8 11 18 20 22 24 36 12 13 12 8 18 24 20 30 35 46 19 22 11 12 14 19 10 10 15 23 45 22 23 20 42 38 49 48 55 64 17 39 35 72 69 34 12 29 40 57 16 15 41 29 37 59 51 28 28 35 55 62 62 72 12 20 55 61 74 63 18 27 43 58 87 73 50 46 36 39 55 15 41 44 64 19 34 15 28 53 42 31 32 44 58 60 76 108 168 139 170 112
"80279" 41 38 38 32 42 42 41 42 17 6 9 14 15 12 17 15 21 29 39 37 39 47 35 40 47 35 27 40 40 40 30 21 20 23 17 24 23 15 14 14 14 14 10 11 18 24 29 32 24 42 36 41 28 27 50 43 30 39 25 28 43 40 53 46 28 22 21 38 34 30 29 36 39 23 23 27 23 21 15 14 22 21 14 16 14 10 12 14 14 13 15 17 18 16 16 13 20 28 39 27 17 20 21 28 31 29 34 20 16 29 25 22 15 13 14 14 20 16 14 18 20 18 13 11.5 10 9.5 9 8 19 17 13 9 9 10 24 14 13 24 27 19 17 16 17 14 16 8 8 14 14 19 24 18 12 12 9 8 7 6 8 9 9 14 21 19 10 14 11 10 8 9 10 9 10 11 9 9 6 9 10 9 6 10 11 10 9 7 7 5 5 4 7 6 5 5 9 22 31 8 14 9 9 8 10 8 7 7 16 28 23 23 11 7 9 10 10 7 13 13 11 11 15 13 12 10 14 17 11 14 17 20 13 10 7 8 10 11 11 12 13 13 11 13 21 21 15 11 16 18 25 17 11 7 6 6 8 8 9 8 11 7 7 8 9 9 12 14 12 11 13 13 17 16 18 22 17 17 23 30 20 21 18 15 7 10 18 22 25 38 36 36 25 10 7 30 23 17 16 15 24 25 19 16 13 15 16 14 18 25 21 22 28 33 39 38 23 35 46 36 36 55 48 48 43 27 39 37 56 52 50 21 23 20 12 16 31 27 25 17 14 16 24 13 17 24 30 32 30 27 34 42 55 56 57 49
"80280" 50 70 74 89 67 78 89 120 114 128 160 104 86 38 29 31 47 46 62 73 77 130 88 39 46 70 65 58 71 84 100 104 69 101 138 125 110 122 72 40 64 78 43 22 21 23 52 73 63 36 57 60 13 36 44 33 50 84 60 48 54 54 47 59 49 61 71 42 37 30 8 9 38 55 46 19 28 33 35 36 41 12 8 10 21 7 20 18 33 42 32 47 9 10 13 22 31 33 42.5 52 38 24 31 28.5 26 38 42 33.5 25 23 16 2 2 11 15 27 29 29 19 33 43 28 35 26 26 23 11 4 3 3 7 14 18 28 45 53 45 21 20 25 25 13 19 32 43 27 30 22 25 31 29 4 1 5 3 6 14 17 22 30 22 8 11 16 21 10 12 36 37 18 21 7 12 12 20 26 21 23 15 14 9 11 22 14 5 11 19 30 21 23 24 23 8 3 8 22 17 16 20 17 7 19 12 10 10 15 5 1 4 9 12 7 7 10 11 9 12 7 9 9 10 11 11 1 9 15 25 28 23 21 22 17 15 26 34 11 15 8 12 16 32 16 21 20 25 38 48 49 41 41 27 32 8 5 3 12 23 43 36 38 25 22 13 4 11 10 11 9 15 23 28 26 27 26 19 16 24 10 3 7 16 8 14 15 11 17 25 29 45 51 27 9 15 36.5 58 26 27 27 19 45 44 65 56 38 17 14 18 26 24 38 55 83 80 108 63 84.5 106 100 27 49 66 70 33 21 37 69 66 57 72 76 102 102 131 87 38 55 69 19 16 31 43 55 44 61 79 92 82 89 109 117 169 186 131 180
"80281" 31 31 35 33 25 24 26 25 20 8 9 12 19 14 4 7 18 23 29 33 35 53 53 17 37 32 30 27 27 26 36 39 30 43 30.5 18 16 15 18 19 15 12 10 12 2 9 18 30 30 26 36 36 19 25 32 27 26 22 28 34 46 52 37 36 33.5 31 32 33 35 28 33 34 35 36 37 27 38 37 36 36 28 23 7 6 5 8 9 11 13 15 11 28 22 16 22 14 3 21 34 27 30 37 31 34 14 22 31 32 16 11 14 14 23 15 3 6 22 27 22 18 27 21 25 15 14 13 8 11 16 25 23 14 15 25 26 27 23.5 20 19 18 14 14 10 22 27 26 20 27 25 19 19 24 19.5 15 14 13 13 13 10 8 4 8 15.5 23 14 8 7 8 9 6 8 11 8 9 7 9 5 5 8 7 8 11 6 6 6 7 10 11 17 14 13 12 12 18 20 22 12 5 5 5 10 13 8 10 10 16 10 6 8 11 10 9 8 10 15 16 11 12 12 13 14 10 7 10 11 10 12 11 12 13 16 9 7 9 6 7 12 10 8 9 8 10 6 5 7 8 12 8 4 6 9 10 9 12 11 13 13 7 12 13 15 22 25 24 21 9 14 13 16 16 17 15 18 19 11 24 22 11 11 8 7 8 4 5 12 11 19 26 24 30 42 37 13 17.5 22 30 39 29 18 22 37 32 29 10 3 4 11 18 12 20 26 27 26 26 30.5 35 29 27 26 37 32 30 33 20 25 30 25 10 13 17 23 36 32 27 11 17 36 22 8 14 24 5 10 12 26 24 26 22 28 33 34 27 39 37
"80282" 80 69 86 88 71 90 85 100 117 132 152 155 109 41 27 38.5 50 49 59 79 79 145 74 31 52 57 37 45 67 85 84 89 50 87 91 84 96 88 58 22 45 46 24 18 23 18 33 61 46 22 49 31 12 32 51 54 53 54 46 31 46 54 57 59 51 44 44 60 38 32 21 31 38 47 20 15 19 25 15 33 42 16 12 16 13 19 19 23 31 32 52 35 7 13 10 26 37 37 40 54 53 49 21 28 34 39 38 38 43 27 32 2 3 7 20 29 42 36 21 36 36 31.5 27 29 37 16 10 7 3 10 18 28 43 48 63 57 48 23 27.5 32 24 23 31 32 30 23 16 22 20 22 15 12 7 6 10 13 15 18 30 43 45 23 24 22 31 19 14 12 17 25 28 21 21 29 25 26 40 34 23 23 32 31 37 17 13 19 25 27 31 36 35 25 14 7 11 23 30 25 21 25 20 19 28 26 16 19 14 6 9 12 21 21 16 19 12 12 13 13 11 16 18 18 16 16 23 24 27 24 24 27 18 15 31 33 21 26 28 7 15 16 25 20 34 28 26 34 43 52 42 34 32 27 21 12 11 16 19 20 30 32 18 14 10 10 11 8 5 11 9 10 19 23 15 25 19 23 18 11.5 5 19 23 16 18 16 10 16 25 34 41 30 14 9 23 60 62 44 24 25 17 30 35 39 36 19 29 16 11 17 19 36 51 75 86 90 68 57 65 51 29 35 45 40 26 28.5 31 50 63 44 52 26 55 84 93 63 46 43 30 16 16 29 41 58 55 57 69 81 64 78 92 115 119 97 129 119
"80283" 63 59 80 32 40 63 82 84 60 128 98 64 20 13 22 30 40 44 53 57 72 80 56 69 42 47 61 45 42 53 55 68 38 34 59 63 50 72 41 32 36 26 14 7 25 41 49 53 60 81 96 53 38 56 44 73 53 40 52 55 82 71 98 74 51 55 66 58 53 48 37 25 32 34 50 19 22 20 19 13 9 22 25 28 19 38 37 42 40 35 32 35 21 11 16 17 26 25 34 41 43 45 25 15 39 41 39 19 19 39 22 18 12 7 20 17 23 24 46 45 38 29 20 12 7 15 21 18 26 32 29 29 44 48 40 31 22 19 34 33 16 20 33 33 33 28 17 17 23 26 11 20 24 28 44 34 16 28 11 20 17 26 28 23 27 32 17 15 8 7 7 9 10 4 10 6 6 12 5 7 15 19 15 5 9 12 12 12 14 13 14 16 16 15 17 15 17 17 13 9 10 10 7 6 16 15 13 7 5 7 9 10 9 14 13 16 29 29 14 14 18 24 26 23 9 14 21 24 26 24 23 18 24 10 17 20 26 29 10 6 15 15 14 17 19 21 25 21 17 12 21 22 24 20 12 7 10 12 13 16 16 16 17 14 14 17 24 23 27 32 32 42 31 17 16 24 21 21 16 10 9 20 31 36 51 36 46 57 41 40 46 31 21 41 36 43 52 68 13 20 24 22 29 26 18 50 54 54 27 37 35 43 42 40 48 48 28 32 54 70 61 60 50 37 33 50 58 67 61 59 56 26 42 18 20 31 41 18 31 21 25 38 49 70 34 34 45 58 56 62 104 181 188 116
"80284" 50 59 75 90 70 73 67 82 94 120 141 138 119 49 27 30 35 46 48 59 96 174 111 44 69 83 66 50 75 75 80 101 100 96 100 86 84 106 83 48 53 40 26 10 11 24 37 37 38 45 76 35 29 35 48 53 49 51 51 50 56 51 58 58 47 48 61 67 32 29 27 34 28 33 17 12 19 20 18 25 53 12 7 8 13 18 25 29 32 29 38 35 9 9 9 42 48 43 37 42 45 36 30 24 36 36 37 39 43 39 63 5 5 7 15 26 31 29 34 42 41 27 29 15 31 12 7 11 18 20.5 23 43 57 61 69 41 28 27 47 50 29 9 15 22 32 20 18 29 17 23 20 10 7 6 7 10 12 16 44 47 39 25 30 25 27 18 14 18 18 25 30 18 21 27 20 19 22 23 13 17 22 36 14 12.5 11 19 22 20 30 27 30 20 23 12 13 25 30 27 22 26 21 19 17 20.5 24 26 18 10 10 13 16 21 14 10 8 13 12 11 9 13 18 19 21 9 12 15 20 26 31.5 37 26.5 16 18 24 30 20 17 8 9 14 19 21 31 35 31 35 41 45 37 39 37 40 33 21 9 13 19 26 36 43 24 11 8 9 9 9 8 9 9 10 11 11 13 16 9 11 10 7 8 10 17 30 23 30 17 24 36 42 45 52 24 9 20 41 40 29 18 22 21 35 38 43 41 29 17 15 21 18 25 33 42 49 51 64 83 84 100 57 27 36 50 47 25 24 33 41 35 40 57 62 63 84 81 41 27 37 28 19 19 41 44 52 57 62 66 72 68 71 74 84 88 132 144 97
"80285" 89 73 31 51 67 92 77 49 74 23 33 35 49 11 19 26 30 46 45 46 32 61 27 31 15 38 41 35 32 44 40 53 12 23 46 44 45 30 55 22 22 24 12 23 16 34 39 46 79 61 50 21 21 37 40 44 25 38 48 71 54 41 63 68 57 37 48 52 48 35 32 23 27 40 17 8 24 22 39 44 21 30 25 16 32 45 42 25 27 39 35 31 18 17 17 30 27 21 34 35 69 80 45 46 46 46 37 40 48 25 17 17 23 14 23 28 37 30 25 25 27 20 19 20 14 21 14 20 24 25 22 26 36 35 30 31 17 11 11 24 40 80 36 16 25 40 18 20 26 18 21 23 26 27 22 11 20 30 18 21 26 20 19 20 28 33 34 14 4 6 17 26 32 22 7 11 7 13 9 10 13 21 16 8 9 12 14 12 13 6 7 16 15 16 20 17 18 9 8 11 6 17 6 13 14 20 11 5 4 4 5 9 8 13 10 11 13 15 11 14 15 21 28 28 26 19 16 22 25 17 16 14 15 14 21 23 24 16 10 3 11 14 16 11 18 21 15 13 12 20 25 15 19 30 14 3 5 12 13 21 23 30 6 7 9 7 13 23 17 26 35 45 16 19 8 8 14 15 8 5 12 19 41 21 22 15 32 38 37 43 50 52 13 33 26 41 65 30 11 18 33 43 13 13 32 24 32 57 48 24 18 29 42 58 53 56 11 15 38 53 63 62 14 24 32 47 76 69 48 37 26 38 43 12 34 41 39 18 31 10 21 43 35 24 23 28 46 51 67 109 115 100 129 116
"80286" 50 49 38 42 55 40 50 70 29 36 15 10 14 27 9 17 29 29 50 52 62 95 38 35 43 62 21 32 52 69 55 36 41 54 32 8 10 9 9 15 11 18 14 20 13 24 52 50 34 41 38 65 63 62 24 22 30 47 37 33 63 59 35 62 43 28 31 38 44 33 37 27 44 40 32.5 25 28 30 18 26 42 46 33 17 16 13 22 16 23 32 23 23 24 26 37 23 13 32 44 17 21 30 26 32 27 33 32 33 25 35 52 27 30 18 9 16 27 15 12 27 38 23 16 15 21 29 21 10 23 22 8 10 19 30 27 19 27 39 37 35 30 31 17 19 24 16 12 14 16 26 31 21 21 21 19 15 14 12 8 9 15 19 20 26 23 27 14 11 10 9 11 12 12 10 12 5 9 8 11 10 13 14 11 9 8 8 10 10 10 10 11 12 11 13 18 21 24 25 11 10 11 12 11 12 12 13 26 36 39 27 14 9 10 12 12 8 7 7 8 9 10 12 14 11 19 15 13 15 18 16 21 15 13 17 23 13 15 13 12 9 8 20 23 22 19 10 11 19 27 22 14 12 10 9 6 7 6 9 12 14 8 9 11 13 17 18 22 23 23 25 21 23 21 23 24 19 22 26 16 20 10 14 12 13 20 33 34 22 32 38 38 17 7 35 35 21 17 17 14 14 32 32 18 19 12 3 10 25 7 20 31 43 49 46 49 52 51 45 52 47 46 57 52 44 44 24 12 25 29 38 36 25 24 21 22 36 23 16 8 13 11 6 12 27 38 36 39 44 64 79 75 59 45 50
"80287" 30 38 36 20 26 27 29 44 26 26 22 18 16 10 2 6 15 26 28 24 39 70 29 11 28 24 26 26 28 29 71 94 56 30 24 16 18 9 8 7 8 8 15 12 4 11 21 22 25 28 40 36 17 22 39 22 45 14 18 23 40 34 31 26 26 28 31 36 27 25 31 23 23 44 59 27 32 14 28 36 37 21 8 6 7 18 21 21 18 17 17 23 14 22 17 13 10 27 23 24 28 26 40 32 21 25 29 25 9 10 6 15 26 22 4 6 18 28 19 12 14 17 20 15 12 11 6 8 11 17 22 22 22 29 30 46 26 14 15 16 14 6 4 15 23 18 20 15 16 9 8 9 21 19 17 23 14 11 5 5 11 16 20 31 26 20 20 14 10 6 8 9 11 7 9 8 7 9 15 9 7 7 8 6 6 7 11 8 12 16 18 16 17 17 18 14 7 8 8 4 10 7 11 10 13 8 3 5 4 6 11 11 7 8 9 17 20 24 21 11 13 16 12 7 8 11 13 16 15 7 6 8 10 6 11 14 13 10 7 8 6 4 5 7 9 10 9 9 8 9 9 11 16 23 24 21 21 9 8 13 20 18 16 21 11 8 12 10 12 12 15 13 14 17 7 16 19 9 11 6 5 7 9 9 13 15 21 28 26 33 28 35 18 20 15 24 30 36 16 15 23 26 12 4 5 6 17 18 12 19 23 28 27 22 26 31 43 25 21 31 33 25 31 43 26 31 15 13 15 22 24 34 38 39 16 10 15 24 4 17 18 7 11 22 27 22 30 22 29 33 31 30 31 46
"80288" 111 59 20 41 47 88 126 63 63 12 21 20 37 10 19 30 43 55 53 45 23 19 26 25 13 48 37 39 45 58 57 50 13 15 26 36 26 24 44 21 13 13 13 31 16 24 30 34 68 71 53 12 14 13 44 26 25 30 38 80 51 17 35 36 52 51 59 73 82 34 27 20 22 32 15 8 15 18 43 14 23 32 21 18 27 41 49 27 53 30 28 35 22 16 27 44 53 32 27 28 50 56 49 48 28 25 29 42 28 15 17 20 30 15 21 41 40 35 38 28 37 16 16 15 12 18 11 22 19 20 21 49 61 46 32 24 10 10 10 21 24 36 27 22 27 27 18 22 15 7 7 12 26 17 17 9 19 35 29 37 25 11 7 14 24 21 28 9 2 3 16 30 43 35 3 9 9 18 17 15 11 16 19 26 23 19 21 5 13 18 8 24 30 24 27 23 14 4 3 2 4 14 8 11 24 10 3 2 2 2 3 7 6 7 6 5 6 11 5 9 12 19 29 36 18 6 10 16 15 10 11 9 12 15 12 15 10 10 4 4 11 10 11 8 15 15 7 8 9 22 18 9 11 15 14 3 2 2 5 16 21 18 5 6 8 4 3 20 22 30 27 35 16 12 6 7 6 10 8 4 8 30 29 16 14 9 51 66 53 30 31 39 8 32 16 34 25 10 17 23 25 47 12 10 24 21 45 63 57 30 21 34 58 58 49 88 13 14 25 68 55 47 14 27 42 66 71 88 83 67 46 76 27 8 33 36 59 24 29 14 16 22 41 23 25 41 58 68 100 62 72 49 97 151
"80289" 149 205 205.5 206 239 127 95 91 115 71 110 170 128 40 31 46 57 72 65 61 130 162 91 22 42 89 54 46 66 100 125 75.5 26 58 93 106 161 163 143 80 64 50 20 35.5 51 39 64 99 64.5 30 41 49 41 64.5 88 105 111 65 97 94 60 53 58 65 32.5 43.25 54 61 52 43 23 29 29 32 18 21 27 41 48 45 55 136 53 45 44 43 39 45 49 44 41 47 15 13 25 44 45 38 36 40 77 139 69 43 33 41 42 51 59 54 27 23 10 11 17 22 24 30 55 38 38 32 21 8 21 19 18 26 27 27 26 30 31 37 44 38 16 33 41 29 32 15 18 22 24 26 10 9 19 10 22 30 20 14 14 14 18 22 27 26 24 26 23 21 24 26 20 12 12 8 19 31 29 16 16 18 19.5 21 15 16 14 18 27 18 7 14 15 8 30 21 19 17 20 16 13 17 16 18 23 22 17 9 19 24 26 13 16 17 15 6 8 14 13 12 6 3 7 11 19 19 30 34 34 17 8.5 13.75 19 22 11 22 33 29 16 17 23 13 13 13 10.5 8 18 22 23 23 24 27 28 27 32 26 22 26 22 32 26 26 23 18 17 24 22 8 15 20 20 10 7 11 15 17 20 9 20 40 12 18 28 35 20 22 30 37 50 51 45 43 38 31 41 41 41 11 24 39 47 38 32 18 14 26 53 70 22 37 58 78 81 82 42 38 42 47 52 85 119 54 23 41 50 66 48 46 30 47 62 59 67 85 49 41 57 83 34 25 47 42 20 30 20 23 36 61 98 44 39 81 95 110 126 133 114 155 168 111
"80290" 55 55 60 70.5 81 75 74 93 107 125 125 109 116 43 29 33 29 59 67 65 99 147 118 54 64 94 92 88 86 87 100 128 113 155 128 116 96 107 119 79 67 69 47 23 16 31 57 61 62 64 86 46 37 38 40 39 42 51 57 49 86 67 57 60 63 87 75 60 45 31 21 19 30 54 37 20 21 36 29 41 50 18 11 14 23 13 21 38 36 45 48 38 21 10 14 29 37 36 41 45 36 30 39 34 38 33 35 32 30 31 32 7 7 10 24 32 24 34 31 47 63 41 43 44 38 21 20 14 24 13 15 20 26 44 65 47 29 28 36.5 45 34 14 18 29 34 22 26.5 31 26 19 33 10 10 10 10 13 25 26 30 37 28 19 20 24 25 18 16 19 26 28 32 20 19 23 27 18 18 20 13 14 22 19 13 9 9 15 12 22 27 29 24 16 22 12 9 18 9 14.5 20 18 14 13 20 18 17 16 10 10 9 14 21 23 16 12 16 15 18 12 12 17 16 16 23 10 14 20 20 25 27 31 28 19 22 21 30 21 13 8 11 12 29 18 29 34 40 35 46 51 28 26 42 41 39 23 6 10 17 24 35 50 32 24 10 6 11 10 10 9 11 16 25 16 21 29 17 14 19 8 4 14 22 23 14 26 10 17 26 36 43 46 34 8 25 35 47 55 26 24 30 45 45 47 55 31 9 8 18 21 23 34 41 51 59 86 85 84 106 75 24 38 61 43 29.5 16 26 32 41 49 64 68 79 82 84 71 20 36 42 13 17 27 48 54 50 60 84 75 70 85 108 111 129 159 148 144
"80291" 71 49 16 30 37 60 57 31 48 17 20 16 16 8 8 24 43 45 43 51 22 31 16 24 22 28 36 29 33 36 29 40 9 13 19 39 26 11 32 21 17 20 15 14 18 22 24 22 36 72 20 13 15 13 23 35 11 23 15 55 32 20 37 27 27 26 31 46 33 21 31 9 13 21 22 17 24 16 16 32 35 13 25 17 25 32 26 23 22 23 27 32 17 12 24 25 32 15 10 14 29 46 47 41 38 35 29 22 9 17 19 19 28 10 19 30 25 25 33 25 21 15 15 12 13 16 13 12 21 19 26 39 43 39 35 16 8 15 9 13 16 25 42 21 20 22 14 12 9 20 21 12 23 32 15 23 19 16 15 15 20 26 15 13 18 30 29 12 19 14 17 22 31 11 10 14 11 12 11 17 14 13 14 14 14 19 20 17 19 20 18 16 18 15 11 6 4 5 12 18 13 13 13 12 16 5 5 4 5 4 5 9 9 10 11 10 12 17 16 14 18 21 27 16 15 19 11 20 18 13 13 12 14 18 13 18 16 11 6 6 7 4 10 8 13 14 13 13 15 17 17 15 13 13 12 10 11 16 19 20 17 8 9 7 11 8 14 22 19 21 19 16 23 10 8 13 8 10 7 7 9 21 22 21 13 13 25 32 44 43 29 35 15 11 11 16 11 6 9 15 26 21 10 8 12 15 33 48 32 25 24 29 48 31 21 59 10 14 26 50 46 36 17 18 39 52 68 44 37 41 30 31 29 27 21 30 18 16 18 20 24 14 40 24 24 47 59 74 70 80 97 48 65 107
"80292" 22 17 39 73 87 149 57 57 20 30 45 41 29 8 17 26 42 41 39 15 27 81 15 12 23 27 37 21 20 32 39 15 18 38 27 54 35 42 52 51 59 106 62 18 14 36 52 98 52 18 10 16 29 50 12 18 41 56 41 17 19 76 127 68 79 66 25 57 69 7 8 25 42 11 13 10 46 63 79 53 75 43 14 24 27 62 62 75 78 71 75 44 37 34 142 14 8 12 45 49 48 56 76 83 76 26 31 28 27 22 25 31 17 29 34 12 36 34 25 11 21 22 28 26 18 8 11 23 13 18 34 43 32 32 38 36 23 27 30 55 33 28 17 38 14 41 20 20 19 16 19 25 9 8 15 35 17 27 8 12 18 29 26 25 24 12 19 22 19 22 8 10 17 23 13 14 17 16 16 15 12 21 22 7 12 17 24 22 11 10 17 13 52 25 16 6 5 8 14 26 34 32 21 5 13 17 19 9 6 5 7 15 13 16 21 20 9 5 5 8 8 6 5 10 8 7 17 22 23 26 31 39 12 9 11 13 7 8 10 11 7 9 12 12 16 17 24 24 12 21 27 24 18 17 4 9 18 16 14 15 20 9 9 13 13 9 25 9 9 42 6 12 8 8 13 15 8 6 14 22 27 21 30 50 51 25 36 15 11 20 19 10 8 15 66 8 44 72 25 18 43 17 8 13 18 20 39 72 31 10 22 24 18 41 68 12 8 26 30 49 14 10 17 21 23 28 53 106 44 60 55 11 10 11 18 34 24 12 9 15 72 60 14 17 22 49 83 66 36 59 60 86 104 26
"80293" 145 186 213 193 284 148 94 106 95 50 111 170 118 22 21 26 37 56 51 51 122 131 84 14 47 61 37 19 29 70 93 54 27 54 91 126 172 182 156 96 80 52 37 41 48 46 68 86 92 21 41 40 43 57 93 111 98 59 87 86 65 56 44 60 51 58 46 46 34 41 27 30 35 33 22 29 38 53 50 62 79 133 52 37 49 39 34 48 59 43 47 55 22 17 29 38 41 43 34 37 100 151 84 44 33 39 56 68 70 63 18 16 11 17 17 20 23 43 55 36 40 35 21 12 21 19 19 30 34 30 21 28 36 36 41 40 19 41 52 33 33 15 22 21 30 31 19 10 21 21 31 21 17 15 11 15 17 20 20 19 27 34 24 25 22 20 24 19 26 13 18 28 24 18 26 27 18 22 15 14 15 19 27 14 9 18 18 13 18 19 14 16 17 12 22 13 20 20 27 26 12 11 15 19 19 17 17 15 16 5 6 12 14 20 13 15 17 11 17 23 34 37 35 12 16 24 28 27 29 34 33 29 17 24 33 18 27 16 7 15 19 25 23 30 30 34 37 39 46 39 27 36 30 39 28 27 30 24 25 30 20 10 17 24 28 17 14 20 19 18 21 13 29 43 17 25 39 44 19 21 21 43 55 53 75 44 26 28 93 88 65 20 30 31 41 40 38 20 15 27 58 86 20 37 51 70 68 88 30 27 39 46 91 87 65 27 26 45 58 50 48 49 38 28 48 66 76 73 44 34 45 85 31 34 54 52 36 26 18 28 43 78 86 26 30 53 68 91 116 128 142 193 121 82
"80294" 104 153 92 70 66 133 109 91 54 83 102 57 33 23 20 39 54 49 54 58 66 133 93 51 50 54 44 50 53 52 50 73 105 51 21 42 46 49 28 19 35 22 20 14 34 56 47 58 59 60 71 55 56 63 46 43 69 43 58 55 76 78 51 40 42 50 57 40 41 47 35 33 34 34 47 15 22 15 25 46 27 20 12 23 23 28 43 35 29 32 36 37 23 14 15 11 28 32 39 46 47 36 34 26 43 36 31 20 11 20 28 20 8 12 13 20 33 28 26 33 33 47 31 15 22 9 14 18 25 28 20 36 33 39 37 45 32 22 33 38 35 8 27 24 25 20 14 16 23 28 30 35 31 41 42 28 23 19 13 15 18 22 30 17 21 34 24 17 13 10 12 10 9 14 20 11 9 14 14 13 17 22 21 12 8 11 7 8 10 11 11 12 15 14 19 23 26 21 20 10 13 13 14 13 22 18 20 16 9 13 19 17 17 13 23 30 24 16 20 23 16 20 25 32 19 19 27 25 24 29 33 36 23 17 23 33 32 29 16 6 15 20 23 19 19 24 25 29 24 18 17 24 21 18 20 12 9 18 20 22 22 23 22 16 19 29 31 31 36 42 49 40 46 26 30 39 29 22 25 25 21 14 21 30 38 54 51 39 36 44 56 53 11 38 38 41 67 61 13 24 25 21 17 10 10 25 43 41 29 43 36 39 38 43 42 45 44 38 51 54 53 50 63 45 52 47 40 42 50 47 47 40 44 16 33 31 48 13 29 29 29 49 38 56 56 49 61 55 70 92 86 115 165 107
"80295" 15 18 19 15 17 17 24 27 16 19 13 27 64 26 3 10 29 30 28 24 46 77 21 14 22 17 24 24 28 31 31 81 33 22 15 17 38 34 9 16 31 13 40 46 12 29 19 21 34 58 81 10 15 22 29 40 23 12 18 33 45 22 31 30 23 22 31 46 32 24 30 24 19 26 30 27 27 20 40 53 35 32 28 14 17 23 21 20 20 22 28 26 22 44 21 22 13 29 11 20 36 40 47 60 38 43 46 30 16 15 15 25 30 32 26 16 26 33 47 14 20 22 29 17 12 15 9 11 15 17 22 29 40 46 49 33 29 21 23 14 22 16 20 27 32 34 21 5 1 5 5 8 22 22 24 25 15 16 17 9 5 12 12 16 13 9 8 12 20 17 16 17 14 12 5 9 5 10 12 9 5 4 3 5 6 10 17 18 26 33 22 11 7 9 7 6 5 9 5 10 16 12 14 11 11 2 4 6 2 5 14 14 13 16 22 23 34 38 35 19 21 16 7 5 13 16 16 20 23 9 2 9 16 14 11 16 17 7 6 13 19 2 3 8 6 2 3 4 2 11 7 10 9 16 14 15 26 17 25 43 20 4 11 15 5 4 6 6 6 9 10 10 14 11 12 10 18 5 2 2 3 5 8 14 10 8 19 28 26 30 23 24 23 6 13 15 18 32 31 9 12 16 15 8 1 6 8 11 7 19 21 19 16 11 13 22 45 6 8 26 29 20 35 25 17 15 16 15 15 17 24 38 38 57 15 8 15 58 7 12 10 9 3 26 19 11 15 19 23 18 18 18 41 53
"80296" 192 162 214 234 299 198 114 173 79 55 106 150 150 14 17 50 52 67 61 27 114 191 161 21 35 80 72 35 40 82 123 48 33 48 88 125 231 175 122 99 88 54 95 41 36 52 84 78 141 37 52 23 42 64 90 50 77 63 99 87 61 78 101 111 90 122 89 67 48 35 15 32 46 35 30 36 42 58 94 100 136 112 56 52 62 70 56 56 52 48 51 44 39 16 17 26 19 39 37 43 155 166 95 95 76 32 51 66 46 55 13 18 24 28 28 36 25 42 31 34 39 36 54 21 15 17 18 22 29 45 36 32 34 36 42 41 22 46 43 42 44 19 25 25 39 48 43 13 25 35 34 21 15 31 18 28 27 27 20 23 24 32 24 30 32 26 25 41 29 26 31 28 24 21 28 22 14 25 15 23 11 25 34 29 19 20 23 21 24 25 22 16 11 32 22 17 14 22 26 28 16 21 19 34 22 17 24 22 20 8 7 18 20 19 22 21 22 14 18 39 43 31 37 18 19 18 24 26 33 37 28 34 21 33 23 15 26 28 11 8 23 22 36 45 53 42 41 51 61 57 37 33 41 57 47 17 24 37 27 31 34 25 11 23 18 54 27 28 41 43 33 31 33 17 18 25 62 34 34 35 42 44 32 40 80 112 84 54 62 71 39 20 12 20 35 65 39 19 8 28 48 63 8 25 44 33 70 102 28 16 47 61 111 101 172 44 11 37 56 70 74 26 23 32 34 65 90 136 42 46 52 70 17 33 55 75 42 43 27 29 28 96 22 19 48 73 82 75 131 48 64 155 187 123
"80297" 53 54 49 52 57 49 53 62 15 24 8 6 11 19 12 23 27 13.5 40.75 68 68 68 50 49.5 49 58 26 13 38 63 59 34 43 70 42 7 11 11 14 23 13 18 20 24 15 31 49 55 36 50 42 62 35 39 31 26 38 53 38 33 61 46 47 69 39 30 27 36 38 31 38 29 50 38 20 22 24 19 16 21 35 37 44 21 13 12 19 13 21 23 27 30 22 24 29 29 16 33 37 19 23.5 28 27.5 27 31 36 38 25 29 38 46 24 19.5 15 9 17 14.5 12 10 21 32 21 13 13 15 22 26 13 14.5 16 9 9.5 10 23 23 19 24 34 38 37 28 22 23 38 15 14 9 10.5 12 16 14.5 13 15 17 14 13 13 8 5 4 11 15 18 16 21 21 9 11 9 7 6 8 10 8 7 6 6 11 13 11.5 10 10 7 6 5 5 7 7 8 9 7 8 7 10 12 20 30 32 20.5 9 10 8 10 9 9 9 13 19 27 12 8 7 7 9 9 3 4 6 6 4 8 11 12 8 16 13 11 13 15 14 13 11 12 6 8.5 11 13 14 8 11 6 23 24 24 23 6 13 18 30 22 14 8 9 8 5 6 7 8 10 8 7 7 9 13 14 18 22 15 15 15 18 16 16 20 22 17 19 19 21 23 12 16 10 9 20 30 42 30 36 39 41 14 7 3.5 1.75 9.875 18 14 19 28.5 38 16 16 18 15 14 13 6.5 13.25 20 31 42 53 53 56 58 63 57.5 52 55 55 51 19 48 48 35 17 26 27 36 39 30 21 19 29 38 15 15 9 15 11 7 11 31 39 36 38 44 63 71 68 59 48.5 38
"80298" 31 28 31 41 93 122 48 54 20 27 58 70 30 13 13 19 35 37 49 13 53 100 22 12 22 35 18 19 29 25 54 14 17 36 45 98 35 38 37 39 66 130 52 15 20 22 56 122 114 23 13 17 46 69 18 24 46 72 66 21 27 65 98 50 103 92 32 64 114 17 11 25 65 23 13 19 55 51 101 75 125 53 21 26 49 60 49 64 63 66 64 40 43 22 15 20 11 15 52 70 55 62 62 62 53 20 24 26 26 27 19 19 21 21 32 19 36 29 17 15 25 31 24 10 10 10 12 19 15 27 36 60 24 38 57 51 25 25 24 41 78 28 18 30 23 47 30 17 20 17 24 37 12 16 18 28 11 19 13 14 13 11 14 14 14 17 23 24 24 22 8 15 28 23 34 15 13 15 22 12 16 21 14 7 10 16 24 16 12 13 15 10 12 10 10 7 7 12 14 28 40 19 9 10 16 15 22 13 12 8 9 12 12 16 26 24 11 8 8 11 11 9 9 10 7 13 32 35 17 30 37 35 11 11 13 16 11 9 9 8 9 8 9 10 16 22 29 52 30 35 22 21 14 26 9 10 14 15 21 23 23 23 11 15 20 12 14 21 48 61 15 40 20 15 24 28 22 13 18 21 23 17 23 33 41 36 15 15 15 27 41 16 10 54 64 17 15 20 22 25 32 13 10 15 14 18 37 86 50 9 18 31 40 109 83 23 16 22 31 40 17 16 14 18 28 31 82 84 37 61 72 20 19 14 20 33 19 13 14 19 42 54 16 15 23 37 30 33 48 25 47 91 164 40
"80299" 107 63 63 108 129 114 51 80 54 19 12 10 51 13 7 26 42 47 55 13 21 45 75 10 11 35 21 19 30 24 73 43 12 28 73 71 41 107 71 15 60 29 51 28 16 16 35 20 21 40 21 12 18 47 52 22 37 30 35 68 22 40 37 17 44 87 82 112 86 48 14 17 35 30 14 11 46 64 33 35 26 66 18 20 29 50 47 55 39 44 22 26 25 8 42 49 29 17 36 52 80 70 32 27 41 34 28 26 17 15 13 18 19 21 37 18 14 32 23 22 20 23 16 3 15 16 17 15 22 43 31 21 37 38 48 38 20 10 21 22 98 39 30 21 16 22 10 9 16 30 12 8 19 15 13 10 22 30 20 23 20 11 11 17 18 13 14 15 11 10 6 18 33 60 42 8 5 17 33 13 12 11 7 8 14 21 24 11 22 21 25 10 13 20 33 24 7 8 10 13 11 9 12 31 24 20 9 3 3 6 8 13 9 11 8 8 11 7 8 14 22 19 14 34 11 12 14 24 24 19 23 9 8 18 16 16 26 16 10 2 8 15 19 29 21 10 13 12 25 31 17 12 8 14 15 11 13 13 13 16 17 18 7 8 13 16 16 11 27 43 45 10 16 10 10 12 23 8 9 21 28 43 21 22 23 35 31 27 11 16 50 31 6 51 31 39 17 10 11 11 11 41 8 17 21 21 34 63 61 10 16 58 13 42 95 83 14 8 26 96 35 16 16 26 44 66 76 111 65 44 55 64 11 13 19 37 21 16 12 15 31 53 18 14 23 44 79 59 73 65 119 157 112 114
"80300" 22 28 29 33 31 33 34 35 10 10 15 12 15 13 5 8 20 26 26 25 29 68 60 25 44 37 30 29 26 28 38 34 30 55 59 10 17 17 16 32 8 22 23 12 6 13 23 28.5 34 34 28 43 37 52 44 21 32 43 45.5 48 42 64 39 30 44 41 37 35 39 40 39 25 47 40 52 36 42 34 22 22 32 28 16.5 5 3 5 12 5 8 9 18 9 16 23 17 10 8 29 32 49 43 35 38 28.5 19 29 40 32 23 27 26 22 28 7 3 9 27 34 13 12 26 26 22 15 15 17 8 14 28 37 21 4 17 25 46 39 17 30 24 25 19 17 10 15 26 13 18 19 33 29 23 31 28 24 15 12 10 7 8 12 7 16 23 30 22 18 15 9 9 14 15 14 11 8 11 13 15 17 10 17 20 14 13 9 11 15 10 11 13 11 12 11 11 14 16 25 19 4 6 9 12 18 19 15 16 16 22 9 10 20 6 12 11 21 28 15 11 17 17 16 16 16 10 24 17 17 17 22 26 25 24 17 13 18 14 10 10 22 14 12 11 10 10 10 12 15 16 23 11 3 7 9 8 6 8 10 4 4 9 10 22 22 18 28 20 26 17 14 17 21 20 20 28 26 7 18 25 18 14 11 5 5 4 10 19 21 41 31 25 31 24 23 8 22 40 56 57 42 17 11 34 44 33 8 5 6 9 14 10 14 19 25 26 33 44 47 32 40 46 42 29 42 21 31 23 25 20 13 18 20 36 62 51 42 15 21 39 58 4 11 11 2 18 15 35 28 20 17 29 34 33 38 84 58
"80301" 62 74 53 53 53 41 44 45 56 90 51 50 37 6 9 24 43 36 41 43 52 51 27 29 38 35 33 30 29 33 33 56 33 25 35 30 30 18 28 13 18 22 30 9 28 33 38 47 43 71 89 38 29 49 43 78 32 35 45 47 63 73 58 44 38 41 45 50 40 32 45 41 28 34 69 36 28 31 31 35 29 20 10 20 27 43 55 37 16 27 38 33 23 26 30 28 16 31 30 34 44 57 47 36 28 42 40 45 24 16 20 20 22 13 17 18 25 38 24 25 24 18 17 20 12 15 8 22 22 32 38 38 28 35 37 46 22 17 33 60 59 15 40 37 31 30 21 21 23 29 37 31 34 43 44 31 30 25 14 24 24 34 43 39 32 29 31 25 16 14 11 21 34 8 12 9 8 18 12 13 17 26 17 13 13 15 18 16 18 22 20 23 20 20 22 24 15 14 14 13 10 9 12 10 14 15 9 8 4 7 13 11 16 13 13 16 21 27 18 21 19 20 28 24 9 14 25 25 20 23 11 11 18 10 13 28 29 12 15 15 6 10 13 23 27 28 20 19 25 25 26 28 30 32 35 16 6 10 9 14 18 25 25 10 14 12 20 25 32 37 36 32 17 16 17 24 18 18 13 6 8 21 26 34 31 35 34 42 45 44 47 52 15 29 25 28 42 35 9 23 36 47 11 11 12 31 32 50 24 30 33 26 34 30 30 33 55 23 37 40 39 41 55 28 35 51 57 44 47 42 33 30 43 45 13 39 44 30 19 39 29 24 29 43 30 32 43 36 56 58 87 168 106 75
"80302" 14 18 22 13 16 18 21 29 23 22 17 25 37 30 6 11 21 30 26 26 46 185 24 14 23 21 27 24 25 40 28 41 34 25 22 23 35 34 15 19 36 19 40 41 15 29 18 23 40 67 83 12 18 24 31 37 26 12 22 47 47 27 33 27 28 24 34 44 32 27 40 24 19 27 32 24 32 18 47 48 29 31 35 15 21 21 21 25 27 23 30 28 21 33 21 30 15 29 12 16 28 43 39 51 43 37 34 28 22 27 12 26 30 35 31 19 26 34 43 19 22 22 31 14 10 12 9 13 17 17 21 29 37 51 60 33 23 20 29 19 18 15 23 31 31 32 29 9 5 7 8 11 24 22 22 22 12 19 25 14 10 15 15 16 17 16 14 13 19 15 13 18 15 15 7 8 9 13 16 9 8 6 7 7 8 11 16 16 23 29 18 8 7 8 14 14 9 9 7 11 13 10 6 7 13 7 7 8 6 7 12 20 18 18 23 26 29 30 32 29 26 20 11 6 10 14 21 23 18 15 9 10 17 16 12 18 19 15 11 23 19 5 7 10 8 4 3 4 6 10 8 11 9 14 17 18 25 17 22 38 14 9 15 25 8 7 7 8 9 12 12 11 12 12 13 14 19 9 5 10 9 10 10 16 13 12 19 28 27 28 26 33 36 13 16 25 25 39 40 14 18 24 24 4 6 11 16 12 11 21 21 19 21 16 19 25 39 13 14 31 31 29 37 26 20 18 14 23 17 22 27 46 47 44 20 15 22 38 9 16 15 17 8 23 24 15 17 21 25 23 25 21 40 54
"80303" 109 50 82 111 125 117 66 91 65 17 18 12 53 15 10 26 47 56 71 13 27 33 58 11 16 38 22 30 40 39 87 39 11 22 70 72 48 90 79 12 39 21 39 24 18 16 37 27 34 40 28 12 26 44 57 15 36 42 51 57 16 58 64 30 59 91 84 111 60 47 13 21 38 37 10 12 46 58 30 38 30 123 22 17 27 51 52 54 34 45 20 22 24 9 21 42 23 18 39 45 105 83 34 29 42 33 27 30 13 28 13 20 21 24 32 20 30 54 30 32 26 29 19 6 16 15 16 12 21 27 23 28 48 55 44 36 30 10 19 28 105 42 36 22 24 24 12 5 16 33 13 18 24 12 17 11 27 25 19 25 24 13 9 23 21 18 17 18 10 7 19 28 37 30 39 9 7 22 27 12 14 14 7 8 16 18 19 18 27 21 21 6 24 16 33 27 7 8 10 13 8 8 17 28 21 26 9 3 2 7 6 10 9 10 9 10 10 7 6 8 15 19 14 34 9 10 10 19 20 19 23 7 10 18 13 13 19 20 9 2 11 8 12 28 22 12 11 11 28 29 22 18 11 17 17 12 12 13 17 25 29 22 7 7 13 17 12 21 41 53 36 17 19 7 12 15 26 10 9 25 51 40 19 18 20 28 52 30 15 21 62 34 8 53 37 51 18 9 9 15 25 54 8 26 21 16 44 86 72 12 21 62 24 52 102 66 9 12 27 93 33 18 12 35 67 56 96 121 62 70 60 60 13 11 20 44 21 16 12 12 37 51 14 9 20 56 64 52 95 66 85 174 131 106
"80304" 138 141 144 165 233 137 52 86 88 48 83 131 90 23 20 34 52 63 59 45 65 146 58 15 28 48 27 34 46 42 79 64 18 51 84 103 156 191 181 102 77 51 29 39 63 71 68 93 90 22 31 59 68 102 117 108 123 104 84 20 36 50 40 36 69 72 62 35 32 51 26 27 38 24 19 26 46 75 65 62 65 99 74 64 55 48 28 29 40 53 55 65 12 16 31 44 48 37 33 34 99 133 91 48 30 39 48 54 62 113 26 22 10 7 25 27 30 47 63 34 32 33 29 14 42 28 20 19 32 31 30 25 27 25 28 26 34 35 42 31 23 14 14 16 29 34 11 9 14 17 23 18 21 18 14 21 20 27 28 23 20 23 29 20 20 13 21 13 25 20 25 36 25 17 16 29 27 24 23 20 15 18 24 19 10 20 23 23 26 29 26 23 19 11 18 16 17 25 22 27 28 25 28 23 21 16 19 26 18 22 18 14 19 17 17 15 11 18 19 26 37 42 39 12 18 26 27 24 47 42 41 31 15 19 29 14 28 13 12 14 20 23 22 28 31 23 23 34 44 42 37 37 30 37 15 26 25 25 23 24 19 17 25 15 19 15 9 14 17 17 17 18 31 27 10 25 26 14 12 40 39 27 38 42 37 39 27 24 40 87 34 18 16 31 29 21 22 13 9 26 61 50 11 30 40 59 80 66 35 35 48 73 95.5 118 74 17 19 37 76 80 34 29 15 27 54 71 117 113 52 54 59 79 39 32 40 27 24 15 14 20 57 58 20 11 25 63 68 54 110 113 178 245 189 54
"80305" 11 14 20 10 13 20 22 28 29 10 14 25 24 25 5 10 19 28 24 26 28 74 29 11 24 18 28 25 22 42 28 35 29 23 19 11 24 25 13 17 24 16 39 33 13 27 20 21 40 58 69 15 16 29 36 34 33 12 21 35 42 29 38 26 27 26 36 42 32 30 42 20 20 33 31 24 30 17 31 37 21 22 29 14 16 15 23 27 37 29 25 28 19 26 14 27 13 27 10 19 25 33 41 38 34 27 24 15 17 23 12 23 31 31 30 17 20 39 33 15 22 21 27 9 8 12 9 12 17 17 25 31 30 37 43 21 12 21 27 19 15 12 19 27 36 29 29 12 9 9 9 18 23 24 19 17 10 20 20 10 5 15 13 15 28 16 7 8 16 10 11 13 13 5 7 6 5 8 10 6 6 4 4 6 6 8 11 13 20 22 14 9 6 7 16 18 10 8 6 7 10 8 6 5 8 10 7 7 5 6 8 16 18 19 20 24 21 22 24 21 19 12 13 7 11 14 16 18 13 14 13 8 15 11 13 12 13 16 13 16 16 9 8 8 9 4 3 5 7 12 10 12 11 13 14 17 12 11 24 27 11 13 18 21 16 9 10 11 12 13 13 13 15 17 15 16 27 13 6 12 10 12 10 17 13 12 20 30 27 29 30 52 36 11 13 24 29 38 35 15 17 29 26 4 6 12 15 12 12 20 21 20 23 20 18 28 36 12 11 30 31 28 35 25 20 16 17 25 20 22 32 40 42 43 26 14 26 36 11 13 13 18 6 12 27 13 17 22 27 33 32 25 42 50
"80306" 23 26 22 12 19 26 21 25 35 12 16 23 18 16 12 5 18 22 28 26 31 89 42 16 29 27 32 28 26 30 35 49 34 19 27 20 30 41 11 17 32 15 33 36 6 17 20 20 40 55 66 21 15 26 29 32 35 13 22 35 38 23 23 32 23 26 37 48 35 30 38 23 17 29 36 23 26 19 22 29 16 17 22 9 10 8 17 27 24 13 16 21 19 25 24 21 5 25 19 16 29 27 31 36 30 28 24 18 16 18 7 12 26 33 17 11 17 27 25 14 14 17 25 18 11 10 15 6 9 13 20 38 24 40 29 15 10 23 19 15 13 10 12 20 33 22 19 12 18 23 20 17 23 20 11 10 9 12 10 6 6 8 8 12 24 10 7 9 12 6 7 7 8 8 8 7 4 6 11 6 6 6 4 4 5 7 7 12 18 8 10 8 6 7 8 15 10 12 13 8 8 9 5 6 6 12 15 14 12 9 6 8 15 20 16 11 10 11 12 13 14 16 9 6 8 11 13 13 15 12 15 7 9 9 9 14 17 14 17 13 17 10 9 5 11 22 13 12 14 6 10 12 14 14 10 12 12 12 14 16 16 9 18 21 12 8 10 8 11 17 16 16 25 16 10 21 29 13 7 10 9 8 8 13 16 18 17 8.5 17.25 26 28 35 34 14 14 22 28 31 31 18 14 23 31 8 11 12 16 17 15 20 24 26 28 19 23 40 38 17 21 39 35 31 35 23 27 24 24 24 19 17 32 46 48 43 35 14 25 41 16 12 18 20 11 15 27 23 26 22 37 62 39 24 40 50
"80307" 29 24 30 24 24 24 22 29 28 7 20 15 12 7 6 8 18 22 26 26 30 58 40 21 36 33 28 28 26 27 31 24 33 25 27 31 32 25 13 17 24 14 16 15 8 15 23 21 38 30 54 34 12 17 26 37 26 13 17 39 47 33 27 30 24 21 22 29 32 25 28 29 22 24 27 20 23 15 17 14 10 15 28 16 10 11 17 24 27 15 17 19 16 17 11 14 8 30 26 15 19 20 28 32 25 23 22 18 16 12.5 9 17 23 31 19 9 22 19 17 15 16 16 17 11 9 7 8 13 13 17 20 24 11 20 27 15 5 19 25 16 9 10 18 34 25 13 14 13 17 23 19 14 19 10 9 11 7 7 5 4 4 5 7 10 10 5 4 6 5 5 6 6 7 6 9 6 4 5 4 3 5 3 3 4 4 6 6 10 12 4 4 4 3 5 5 11 12 9 8 5 7 7 4 6 5 6 11 12 9 11 12 7 9 12 11 12 9 13 13 11 11 12 6 6 8 9 12 15 12 13 12 7 4 4 13 12 11 10 8 8 7 8 10 4 8 14 18 18 13 7 9 9 12 9 6 5 6 5 6 9 12 11 7 15 16 15 9 9 11 16 15 16 23 19 15 18 22 14 11 5 5 8 8 6 12 10 13 27 31 25 32 29 27 15 17 21 22 24 19 20 19 9.5 11.75 14 11 13.5 16 18 16 19 21 25 28 23 21 26 44 24 19 32 33 34 42 31 28 31 38 27 25 11 25 26 27 21 23 21 28 18 11 13 19 14 10 12 25 21 21 17 32 37 41 30 31 39
"80308" 39 51 43 49 50 42 38 39 59 117 113 151 97 16 16 18 55 47 35 41 69 112 41 29 41 54 30 27 29 39 39 53 40 46 47 67 96 102 106 50 50 25 18 15 21 47 46 51 51 15 17 41 46 46 31 79 111 97 62 26 38 27 21 22 29 34 29 25 27 47 23 26 29 30 15 19.5 24 30 36 35 57 53 57 30 28 26 26 23 23 38 40 42 2 9 22 66 48 43 34 29 93 105 89 33 25 36 37 30 39 174 53 7 5 6 14 21 26 64 59 35 36 33 31 23 45 10 15 15 24 16 21 21 23 20 23 31 31 26 25.5 25 12 8 15 14 13 13 6 4 5 8 18 10 11 10 5 9 14 16 18 16 8 17.5 27 22 14 16 20 4 3 14 20 21 18 15 13 14 19 27 25 16 16 13 17 8 10 16 15 15 17 15 18 18 11 4 22 14 11 18 20 19 18 12 17 15 14 10 12 13 12 7 7 7 10 13 11 13 9 7 9 17 20 27 24 8 13 15 17 16 42 31.5 21 15 10 15 13.5 12 17 9 7.5 6 12 10 13 15.5 18 18 18 20 24 27 28 22 12 16 8 13 21 22 19 23 21 11 7 13 13 8 4 5 6 6 6 6 14 13 12 8 9 14 14 13 9 16 27 33 26 19 16 17 17 34 16 8 14 18 23 18 12 15 12 17 19 21 41 21 21 26 35 33 38 18 17 23 25 38 29 24.5 20 28 35 20 30 25 14 23 24 33 25 18 37 38 31 26 51 25 34 11 10 20 13 26 37 39 52 22 34 35 29 29 31 63 110 84 26 37
"80309" 124 124 105 136 311 203 120 162 178 37 91 116 170 29 18 51 60 79 72 53 85 298 174 24 29 69 79 43 45 78 105 68 16 32 81 90 112 162 194 51 68 36 50 38 29 55 62 68 102 63 62 22 33 53 69 42 41 47 83 85 61 73 60 60 52 53 65 53 41 36 13 19 26 30 24 27 35 47 57 98 119 140 44 44 66 57 52 44 41 43 42 34 22 10 15 32 30 33 30 35 161 143 75 69 74 37 38 56 31 39 19 23 21 17 30 19 21 23 36 40 46 36 22 11 12.5 14 22 20 26 26 31 27 29 33 36 36 27 49 13 27 47 19 23 22 24 33 31 8 20 19 27 32 20 28 14 16 18 18 22 26 30 23 22 23 23 22 29 35 23 11 20 29 23 29 27 11 10 17 14 16 19 25 31 8 10 14 18 12 21 23 17 17 19 13 14 22 19 17 18 15 10 11 14 18 18 21 12 15 7 6 7 14 14 16 17 19 19 18 11 24 28 40 44 23 13 19 20 26 28 36 23 21 11 20 33 24 26 25 8 9 17 26 30 24 38 40 32 30 33 31 31 31 32 38 33 26 26 27 23 22 26 21 17 13 19 20 17 26 23 26 23 24 33 19 26 31 33 30 41 28 15 34 36 53 92 98 108 95 120 78 72 52 28 42 49 60 47 25 17 30 58 114 17 40 51 40 68 91 34 29 43 72 130 70 103 66 17 31 62 52 72 45 23 50 55 96 82 81 44 42 43 79 32 28 48 51 36 41 29 24 26 69 32 38 46 55 88 92 96 140 140 204 191 157
"80310" 83 60 14 34 36 77 98 49 60 11 19 18 18 12 20 29 41 51 50 50 18 14 17 26 12 39 33 32 38 47 38 44 12 13 16 33 22 22 41 20 18 14 17 27 20 24 25 27 52 86 39 13 11 14 39 34 20 22 24 67 43 14 26 28 39 36 40 72 70 29 29 14 15 27 16 9 21 20 30 17 34 33 26 17 26 37 38 29 51 27 33 31 24 14 33 47 62 29 22 21 38 56 45 46 34 33 29 32 19 17 20 25 26 14 23 50 46 37 48 33 32 17 18 17 20 28 13 21 23 19 26 70 69 59 46 20 11 23 11 21 27 34 37 29 31 24 17 16 19 27 18 20 31 29 19 25 28 33 34 36 23 25 9 10 25 41 39 11 13 13 27 48 56 44 7 14 19 18 21 22 18 20 33 28 25 20 38 23 24 34 20 27 29 26 25 20 11 6 8 7 12 16 15 14 20 7 6 5 5 6 6 12 9 11 11 11 13 17 14 16 17 24 36 30 14 11 14 18 21 18 19 14 15 24 24 19 17 14 9 8 11 8 21 10 16 17 11 14 14 22 17 14 13 14 12 12 11 15 21 36 33 16 10 10 9 8 10 23 38 37 35 36 32 13 7 8 9 12 7 8 9 21 33 18 17 15 49 59 64 47 32 46 18 18 12 24 17 9 19 23 23 35 18 9 24 20 31 73 68 29 23 40 65 46 38 88 13 10 18 58 66 48 18 27 33 55 67 78 69 60 37 43 34 19 36 37 34 31 33 19 12 17 41 23 25 37 59 78 82 53 62 49 83 154
"80311" 48 51 36 35 37 40 39 37 41 63 50 38 11 12 6 16 28 35 37 43 54 95 34 24 31 38 42 31 32 33 30 40 37 15 19 23 20 20 17 9 19 11 20 12 14 28 29 31 42 45 68 31 24 37 41 47 37 29 35 39 46 51 44 40 30 31 37 40 37 36 38 35 25 29 46 30 19 16 15 36 23 17 11 10 15 37 38 32 20 25 32 30 28 20 21 17 23 27 29 31 38 45 41 27 32 40 34 29 17 17 20 28 25 11 13 18 22 27 23 46 27 20 21 18 12 19 8 15 26 30 42 38 32 41 34 37 19 15 26 42 18 26 25 23 21 25 17 21 24 24 27 29 29 38 37 32 29 19 11 14 19 27 33 45 36 30 19 20 16 10 8 8 21 10 8 10 10 9 7 12 13 18 23 12 10 11 13 12 12 16 18 18 16 15 17 25 18 11 13 10 10 8 11 7 13 13 12 6 5 6 9 12 14 12 13 17 26 29 29 20 18 25 24 16 9 9 21 23 23 16 14 10 12 10 8 17 21 12 9 15 8 8 8 17 18 21 12 14 19 20 19 22 25 28 34 15 6 5 8 13 15 17 24 23 16 15 15 22 24 34 30 21 24 12 18 21 24 16 12 7 9 14 21 24 30 37 37 42 42 38 38 44 15 26 23 24 34 29 11 20 24 30 9 10 8 21 27 35 25 31 27 28 28 31 27 32 44 25 36 47 37 35 40 32 29 41 41 45 37 35 27 25 31 33 15 23 34 21 17 27 26 24 23 37 23 30 37 34 36 45 51 93 102 78
"80312" 26 37 51 46 39 43 48 43 20 14 16 17 11 15 3 10 23 28 27 24 38 100 65 33 44 41 41 31 31 33 38 51 44 66 54 11 20 15 16 17 8 22 28 14 8 17 28 38 43 33 39 48 39 45 47 22 44 47 50 53 43 49 45 35 39 37 46 43 36 34 32 29 40 52 46 32 22 34 53 20 24 21 6 3 8 12 16 11 15 22 30 31 23 18 15 5 12 32 33 53 48 37 32 36 18 27 31 31 18 14 19 17 15 4 5 13 25 52 21 21 30 25 19 16 18 16 4 15 25 39 11 7 22 29 30 38 20 23 25 24 19 14 11 25 25 15 12 16 22 24 23 19 19 19 15 11 12 10 8 9 7 15 24 33 20 23 14 8 6 8 11 13 14 4 5 10 9 11 7 9 19 15 11 7 8 11 13 11 15 14 14 15 13 14 20 27 19 7 7 6 6 11 17 13 16 23 23 12 10 18 13 10 11 18 22 21 16 10 15 17 16 20 10 16 13 12 12 15 14 21 25 20 13 10 12 11 11 12 11 9 6 12 15 12 16 19 16 23 10 5 9 11 8 8 9 11 7 5 13 13 12 17 18 19 20 20 17 19 22 19 19 20 21 21 25 27 24 17 16 13 7 9 9 13 21 27 40 34 29 38 45 38 10 27 35 49 59 36.5 14 14 35 53 17 4 2 6 14 22 13 22 26 28 14 30 46 50 42 50.5 59 53 51.5 50 42 38 23 18 18 9 24 27 33 63 72 35 7 20 35 32 4 18 9 3 23 23 44 29 32 29 36 45 50 55 62 61
"80313" 102 80 91 85 98 116 82 80 81 143 182 94 31 16 18 22 36 42 44 58 73 118 84 63 43 63 48 51 78 83 83 101 87 46 25 58 46 61.5 77 18 46 22 13 9 38 44 56 76 108 37 57 63 80 73 43 60 64 75 62 80 90 94 61 52 55 75 56 39 48 57 28 27 43 48 53 20 31 17 32 45 27 17 10 26 34 35 51 47 34 35 40 36 20 15 11 12 28 39 44 47 35 47 52 34 36 39 46 29 27 26 38 24 6 7 8 19 35 33 33 47 43 43 20 18 24 10 15 30 41 22 16 22 35 52 62 48 27 24 31 43 42 9 27 29 23 22 13 17 21 35 20 27 38 39 35 32 18 23 21 24 36 33 30 17 25 31 41 25 12 13 11 19 7 10 17 12 16 12 13 17 18 24 22 17 12 14 11 13 17 16 15 14 15 17 19 17 28 26 23 17 13 16 16 17 20 25 21 20 16 15 25 20 17 14 19 26 27 19 25 25 25 25 32 36 34 19 28 25 27 25 41 34 27 17 24 29.5 35 34 22 5 20 21.5 23 27 25 21 27 30 28 19 18 26 29 26 34 6 20 21 18 22 27 27 23 13 21 24 33 26 34 38 41 35 63 34 36 34 32 9 30 14 21 23 35 31 43 47 31 47 50 55 55 35 11 54 53 62 62 53 12 30 34 31 12 7 8 40 43 42 22 36 52 52 49 54 60 76 46 53 72 85 68 69 59 24 52 59 33 44 49 52 86 95 64 12 33 60 62 13 15 19 9.5 28.75 48 45 42 52 74 76 93 110 122 170 200 169
"80314" 88 76 52 37 58 62 52 47 63 24 30 31 32 6 19 31 46 42 43 55 31 52 24 35 32 36 40 30 33 38 38 57 15 28 21 32 41 21 39 19 27 24 18 21 27 33 44 44 51 103 46 22 18 23 36 50 21 28 24 60 63 43 61 63 41 40 40 39 38 28 42 20 22 34 33 13 34 27 23 34 31 16 35 25 36 41 45 22 24 37 36 31 14 17 29 36 31 35 23 24 27 74 48 38 50 42 45 29 16 14 25 24 30 15 27 32 33 32 36 29 27 12 14 17 14 28 17 23 21 26 27 32 30 37 39 21 11 16 19 35 42 31 40 24 31 37 19 16 20 40 30 30 34 41 29 44 25 24 26 20 26 39 26 27 33 38 34 23 34 11 13 30 43 11 10 8 16 13 14 15 17 16 19 18 12 16 14 17 16 25 21 23 24 24 22 18 20 11 22 23 11 12 7 11 16 8 6 6 6 7 8 12 13 11 12 13 18 29 26 24 22 25 38 29 29 34 16 22 28 13 11 14 17 15 18 25 25 15 10 10 11 9 27 15 18 25 12 13 19 20 20 21 25 34 30 16 17 13 18 23 23 19 12 10 14 11 31 34 35 30 36 24 27 12 10 15 15 14 8 10 15 30 30 31 25 30 26 36 47 54 47 46 18 22 18 33 37 18 11 27 28 30 20 14 24 28 44 69 46 26 25 26 50 44 31 64 19 24 35 51 45 51 23 20 40 72 67 36 42 38 28 30 50 21 27 45 25 18 26 24 23 24 54 32 26 42 52 57 69 100 155 153 118 130
"80315" 26 22 46 75 96 113 103 67 19 45 42 32 31 11 23 44 36 37 44 14 32 148 26 12 32 32 42 30 23 26 46 22 24 63 55 62 50 46 44 82 92 123 87 29 24 25 70 111 68 24 14 24 35 43 18 32 49 64 38 16 22 47 92 94 75 70 43 69 56 16 13 24 40 14 20 39 48 61 80 63 64 32 14 30 20 51 49 71 83 87 58 54 52 97 274 36 8 14 43 43 45 44 106 85 55 34 45 24 38 24 26 39 29 35 27 16 24 24 21 20 20 17 20 22 21 10 15 24 10 25 28 36 29 19 26 31 22 17 18 77 37 25 21 19 19 23 21 27 15 19 20 21 11 8 12 17 23 18 15 16 14 17 20 25 28 21 17 27 20 30 12 12 20 14 16 13 17 22 21 24 23 16 25 14 16 12 27 17 15 12 14 15 32 29 12 7 4 11 27 35 42 43 27 7 17 18 19 12 10 11 9 16 23 17 21 24 6 5 7 9 10 7 9 12 7 9 16 27 25 27 36 25 22 12 13 10 8 10 12 10 6 9 20 15 20 19 36 21 11 17 28 23 16 18 5 12 19 21 23 40 21 7 5 15 23 14 18 16 18 32 11 18 11 13 21 16 10 10 24 28 29 20 32 40 47 41 34 20 19 30 26 17 7 26 59 13 49 111 27 21 33 35 11 22 39 45 61 74 37 14 35 24 30 54 45 10 8 27 52 62 23 18 21 29 26 36 61 99 45 29 47 12 15 22 42 62 47 19 13 23 61 52 20 34 69 98 120 108 39 82 93 85 87 47
"80316" 60 58 56 78 101 57 42 44 70 99 87 100 118 30 20 21 31 30 29 35 55 74 42 18 28 36 21 23 28 32 42 52 19 33 51 69 76 117 88 49 61 49 16 24 36 48 43 59 78 35 30 41 34 42 36 63 104 92 76 42 47 37 27 31 45 41 35 40 45 46 18 24 26 34 18 15 25 34 44 41 45 57 36 33 28 22 28 29 30 44 46 43 20 9 17 42 50 45 40 39 53 93 87 34 26 37 45 43 57 49 30 17 10 7 10 21 27 32 37 22 30 28 34 15 17.5 20 18 17 28 23 18 19 23 24 24 30 30 30 32 16 13 10 13 11 21 26 17 8 14 15 20 24 19 14 12 10 13 14.5 16 21 21 28 18 13 16 22 21 6 6 11 17 19 15 19 22 21 29 32 26 15 10 12 25 15 5 12 14 8 11 16 21 19 17 10 11 17 13 19 21 27 19 14 15 25 21 11 14 18 14 11 7 11 18 11 16 19 11 8 17 21 24 29 31 20 10 16 18 20 20 29 33 32 10 13 19 14 28 12 5 6 14 16 17 21 23 23 23 31 29 32 29 29 31 26 12 13 25 25 22 30 15 15 11 11 15 10 6 8 8 7 8 8 10 8.5 7 8 11 23 19 17 12 12 26 31 34 28 19 17 18 36 36 9 11 21 25 20 17 13 12 20 23 31 28 25 24 34 37 43 43 24 23 23 33 41 33 29 16 26 25 24 34 48 28 28 30 43 34 25 27 30 31 15.5 15.25 15 24 19 18.5 18 18 25 31 34 81 51 32 43 53 51 60 93 111 118 76 57
"80317" 85 69 89 111 158 71 57 78 61 55 91 123 123 18 18 28 39 39 40 16 50 108 84 11 35 58 26 13 20 45 56 16 22 41 57 106 134 107 76 87 126 139 95 64 45 47 90 159 139 14 33 26 55 79 97 78 111 118 128 44 37 36 29 130 143 96 69 43 40 42 14 22 43 21 38 46 43 74 88 87 219 76 52 43 52 52 71 66 60 55 60 56 67 26 19 19 14 19 50 48 189 159 101 103 66 29 50 59 52 48 17 18 29 25 27 25 52 35 26 25 34 37 57 41 18 15 18 25 25 32 35 38 22 28 41 42 45 31 62 62 21 14 18 27 31 56 36 25 35 35 33 19 11 19 22 25 16 16 12 13 12 26 20 20 19 25 26 34 35 12 19 11 16 23 16 28 21 14 19 15 15 20 27 43 20 19 18 21 10 11 18 24 14 18 23 9 10 17 27 36 25 14 17 23 23 13 23 27 18 19 6 10 17 24 26 22 10 14 16 34 31 36 41 12 23 23 23 32 43 37 41 34 22 22 15 13 32 11 9 12 19 23 34 39 52 30 51 52 52 46 60 34 24 49 22 20 25 34 48 49 36 20 13 17 26 22 23 37 60 68 57 51 15 16 25 39 39 19 19 29 32 14 22 38 69 97 67 31 30 58 39 13 12 181 197 31 35 27 13 31 62 46 16 32 34 45 61 79 14 14 42 50 75 122 76 14 19 30 63 52 20 22 18 24 28 53 83 119 73 60 78 62 23 31 63 76 47 34 14 34 100 92 45 19 44 50 41 83 88 45 81 140 166 41
"80318" 74 75 58 48 48 31 53 56 82 103 142 155 107 20 23 20 37 43 46 28 52 76 17 17 38 24 11 16 22 27 27 18 47 42 37 55 66 42 40 62 57 64 59 22 39 58 58 66 34 14 21 38 47 53 17 32 95 85 25 14 34 35 40 47 45 36 30 31 67 30 12 24 31 18 35 48 25 53 55 62 270 80 63 42 32 25 33 39 48 60 57 57 15 22 30 14 12 20 64 129 131 80 47 126 24 36 63 72 56 37 15 30 27 16 20 27 33 26 25 17 27 51 47 42 23 21 20 34 30 25 29 26 22 32 35 46 42 32 73 51 28 22 31 16 39 36 30 29 30 22 27 22 12 21 13 20 18 20 14 17 15 18 13 15 19 28 29 37 51 20 15 21 24 31 24 25 24 24 18 18 19 25 31 32 15 19 19 10 9 13 21 25 25 13 19 8 16 21 22 27 27 27 21 17 15 12 22 26 13 27 13 7 17 21 18 18 18 17 18 19 31 37 22 15 15 25 27 25 58 32 20 20 16 13 19 20 19 10 9 16 23 22 18 26 26 20 24 25 34 36 24 13 22 21 15 24 34 27 17 11 17 17 20 19 22 19 23 22 23 17 17 15 11 18 29 25 22 29 26 31 13 18 28 37 33 25 23 36 40 41 16 19 13 30 45 29 28 21 11 28 17 13 21 33 17 41 36 36 10 16 25 45 44 36 16 8 30 41 35 18 16 10 11 15 26 24 30 43 96 28 29 36 34 43 98 88 43 12 12 36 43 15 22 22 59 52 37 65 80 137 110 95 50 48
"80319" 23 25 47 47 66 105 93 57 31 28 34 29 26 9 29 29 27 25 31 15 30 128 27 14 31 50 47 22 26 29 37 33 32 45 40 63 85 40 34 45 58 82 74 54 29 23 46 63 28 15 13 31 35 45 25 35 52 67 45 18 24 37 27 61 78 76 38 50 46 20 16 40 51 13 26 114 71 90 71 69 68 28 20 44 38 52 72 58 75 93 56 52 48 96 337 81 15 24 39 41 46 27 78 29 55 47 35 26 26 26 33 21 22 22 25 15 25 23 20 16 17 21 23 25 18 15 20 18 16 15 17 26 31 22 28 37 19 12 13 96 29 15 16 21 20 23 25 23 7 8 12 25 14 10 9 13 14 17 10 11 14 11 12 13 22 28 24 30 27 31 18 17 15 10 18 14 15 12 24 25 20 13 10 25 15 11 23 13 10 11 11 14 11 20 7 6 5 6 19 35 50 28 23 7 11 22 19 16 10 14 11 18 27 20 26 23 7 6 7 14 10 10 11 11 9 9 11 13 13 23 15 20 19 14 10 9 8 14 10 7 6 7 14 20 19 16 23 13 24 14 29 12 15 18 10 9 10 15 22 38 27 9 10 10 26 11 15 17 15 19 11 13 11 16 15 17 8 11 18 15 24 28 26 32 31 39 35 27 17 17 20 16 7 39 46 17 38 117 28 17 37 47 20 34 45 36 46 64 29 22 30 23 20 44 62 13 11 22 38 66 19 14 22 26 24 20 41 65 45 20 37 15 17 20 39 41 47 19 15 20 59 55 44 56 50 63 71 71 46 38 75 59 81 41
"80320" 93 70 18 35 55 92 104 62 76 11 23 21 19 9 18 28 44 52 56 55 26 35 27 29 14 53 36 37 36 47 47 52 11 19 25 39 33 22 48 21 26 19 19 24 20 27 31 42 61 81 51 15 18 25 49 41 19 29 33 69 55 16 42 42 48 49 55 50 68 32 31 19 24 37 18 12 27 22 32 19 38 26 30 25 32 50 42 26 40 46 31 30 22 21 25 41 43 35 24 27 45 68 62 59 36 37 37 41 28 18 18 25 33 18 29 45 37 34 32 28 46 17 22 23 23 25 14 23 27 20 31 34 38 37 32 30 15 16 17 23 31 39 58 25 33 31 23 23 30 26 21 30 33 32 14 26 26 39 21 34 24 26 17 17 26 37 30 11 12 14 18 38 37 27 6 16 12 18 17 18 13 14 29 19 15 16 24 16 18 26 13 25 28 27 27 23 15 7 12 14 13 15 9 13 20 11 7 6 7 7 9 12 11 12 12 12 14 23 16 19 19 27 39 38 18 12 17 25 20 19 17 14 17 22 20 25 21 16 10 10 16 12 20 9 18 21 11 15 15 25 20 12 16 20 17 12 16 10 16 26 29 18 12 11 12 8 14 34 34 37 39 29 23 11 7 10 11 13 8 9 14 38 39 18 18 13 36 36 52 54 33 43 11 32 19 34 23 15 14 25 33 51 12 9 28 19 39 71 61 28 23 37 60 58 51 86 11 12 32 59 73 55 13 25 41 61 81 79 54 51 44 62 51 14 34 42 60 27 32 16 18 34 47 23 27 36 63 85 90 95 148 89 96 156
"80321" 164 72 58 72 126 161 171 102 121 32 41 44 43 23 21 28 51 73 67 41 61 54 71 22 18 48 52 56 62 85 81 78 17 23 69 84 77 53 92 17 38 21 21 30 23 29 55 70 89 71 59 16 19 38 79 33 55 68 83 100 37 52 87 124 90 52 61 70 48 58 22 23 34 48 22 18 61 66 62 38 23 162 44 37 50 67 64 50 51 54 38 34 25 26 21 46 26 25 34 40 133 96 46 56 51 26 42 48 29 54 7 21 23 19 34 43 49 47 18 39 42 34 28 17 25 14 23 27 24 21 34 31 46 38 38 35 28 10 15 32 75 63 35 21 33 51 47 42 11 24 22 28 41 26 22 17 26 27 23 25 41 20 16 26 33 29 48 48 5 11 34 46 43 40 17 7 13 20 20 23 44 28 36 17 17 20 20 15 24 26 20 14 48 25 24 33 24 25 14 20 17 14 30 20 20 29 8 12 6 9 11 21 12 22 15 17 18 21 14 21 29 28 43 38 18 20 21 22 23 22 23 15 22 30 35 18 31 27 11 13 21 21 17 32 51 25 21 22 24 32 36 26 25 24 32 12 15 19 25 28 34 52 7 9 15 34 13 24 48 36 53 38 37 9 12 20 32 17 23 20 16 32 32 40 39 29 71 71 65 40 70 60 11 42 34 73 21 23 15 28 56 89 9 26 34 22 53 81 48 27 32 57 96 92 91 87 10 23 48 85 91 31 18 46 58 64 92 90 85 59 51 74 18 20 32 45 25 27 21 13 44 78 43 27 30 37 64 86 94 133 84 58 161 183
"80322" 179 74 68 90 114 169 118 95 131 37 60 67 92 42 26 34 50 73 63 51 65 80 84 34 29 58 67 61 57 81 84 75 20 39 62 78 89 62 94 32 29 25 22 34 29 42 67 62 106 73 69 24 30 46 71 56 44 62 85 89 48 69 81 92 55 48 53 70 50 48 25 22 29 52 24 19 41 50 58 80 67 179 43 39 57 62 61 59 39 51 42 35 26 19 16 33 34 38 35 32 113 85 52 52 52 25 35 50 31 57 16 19 21 20 25 24 32 31 32 38 45 33 25 15 17 16 17 26 29 23 30 30 33 37 33 41 27 20 16 31 42 36 26 22 27 42 37 25 9 23 32 29 34 26 23 15 19 18 18 21 34 20 13 19 25 23 33 30 6 7 22 35 30 30 13 6 7 16 13 8 26 31 20 12 10 9 14 8 15 13 14 10 20 24 18 19 16 17 11 8 9 9 16 12 14 17 7 10 5 5 7 12 9 12 14 14 16 17 9 18 20 31 41 33 17 24 23 21 25 23 22 19 22 21 33 26 37 25 9 11 19 29 23 22 41 31 21 19 20 27 34 29 27 32 40 20 16 19 20 26 30 35 9 9 14 23 23 23 45 41 43 35 34 18 15 17 29 26 25 18 26 28 32 45 59 63 67 77 83 70 56 70 24 40 42 74 29 21 17 39 59 107 19 32 54 37 56 97 50 36 50 57 100 79 91 85 21 24 62 67 68 44 25 56 63 90 88 74 65 49 39 83 30 28 51 44 34 46 44 21 28 57 43 32 41 46 78 90 86 168 173 67 134 169
"80323" 140 142 192 128 235 182 132 106 168 135 109 164 83 30 18 33 42 49 63 62 103 112 128 37 33 68 44 37 63 86 82 87 22 43 68 108 122 97 48 46 35 35 11 27 36 37 63 79 89 68 49 44 25 50 49 83 101 68 71 91 88 104 115 82 62 71 81 58 53 34 17 18 24 32 20 13 24 38 44 37 64 139 42 18 34 40 51 44 53 50 98 75 9 12 12 31 37 31 35 40 66 105 52 42 32 36 37 31 66 50 33 17 8 8 13 20 28 35 42 43 36 34 31 16 22 19 18 23 24 31 32 29 49 56 55 39 14 29 43 39 37 18 26 21 33 37 32 20 14 13 23 30 33 16 16 11 17 30 29 28 28 32 22 17 27 28 35 11 7 9 16 20 27 22 24 16 24 21 14 16 15 21 25 17 8 16 19 15 22 18 16 18 21 22 12 22 20 23 19 18 10 16 16 20 24 25 18 18 17 8 11 17 19 14 18 24 26 11 22 19 25 27 30 28 10 18 23 30 27 29 24 22 18 19 24 23 30 36 7 9 19 22 27 21 21 10.5 15.25 20 20 20 20 27 23 19 18 27 19 15 19 29 29 14 13 18 14 8 7 10 22 23 24 20 14 37 10 16 31 38 28 26 16 20 27 32 44 45 42 32 37 40 48 27 16 65 60 58 41 28 11 20 35 58 39 26 46 55 40 61 45 35 36 50 51 52 62 37 17 33 45 65 54 65 18 29 37 45 53 74 48 47.5 47 49 34 19 22 28 9 20 15 19 26 43 91 40 37 51 66 68 73 147 158 153 121 59
"80324" 41 62 61 79 62 57 61 74 86 99 116 134 117 39 19 24 27 46 48 56 81 157 105 36 59 88 70 49 69 72 79 98 92 104 104 98 83 99 87 41 54 44 24 11 8 17 34 40 35 34 68 41 25 30 37 45 41 47 44 42 70 51 47 56 47 38 47 58 32 20 16 18 21 34 14 10 14 25 17 21 49 8 5 6 12 9 19 25 33 29 42 32 8 6 6 31 39 37 35 39 37 34 27 18 30 31 29 30 31 33 44 5 6 5 10 23 21 21 26 31 33 22 24 16 33 12 7 7 15 7 21 26 36 44 51 43 21 18 29 31 24 8 8 17 26 12 15 27 12 17 26 5 5 5 5 5 7 10 26 30 27 14 15 14 22 11 8 10.5 13 22 32 10 13 18 18 13 17 17 8 12 18 28 14 5 6 12 14 14 23 30 23 14 20 9 8 14 20 19 15 17 12 10 10 14 20 13 13 5 6 7 11 15 8 6 5 9 11 8 6 11 13 14 20 8 8 11 11 20 20 25 13 10 12 21 25 14 8 5 7 5 13 10 19 26 25 29 34 46 27 23 25 27 21 13 6 7 12 16 26 29 15 7 6 7 7 6 6 6 6 8 7 7 8 9 6 7 7 5 6 7 11 15 8 15 7 9 18 27 36 33 19 5 12 25 33 28 12 16 12 26 27 38 37 13 8 5 11 9 14 25 34 35 39 59 79 66 77 48 15 23 35 31 17 15 18 25 29 30 46 46 55 66 96 36 20 22 22 10 12 28 37 41 40 51 61 64 54 60 71 76 88 117 115 96
"80325" 39 42 22 24 25 36 46 42 49 38 21 25 12 10 3 27 38 41 43 46 73 59 18 19 23 18 36 31 48 48 29 39 18 19 23 31 18 11 22 18 11 20 19 9 20 33 35 36 32 73 49 17 20 27 28 62 14 22 28 39 36 26 31 39 35 32 27 31 29 26 32 12 17 25 27 25 21 15 25 31 34 21 14 16 26 35 33 29 10 14 22 28 27 24 25 18 27 29 14 20 33 42 44 48 36 36 34 19 10 6 17 16 29 14 9 28 29 27 25 16 25 27 20 16 20 14 5 12 14 20 21 33 42 37 34 21 18 22 12 14 24 22 32 27 28 23 15 10 9 11 12 8 25 38 16 19 25 21 20 19 29 34 19 12 14 28 35 16 18 16 16 26 23 14 18 16 10 12 15 14 10 14 10 12 16 16 20 25 24 25 23 14 14 12 8 6 5 7 12 17 15 18 17 15 11 6 7 4 9 10 8 14 10 11 9 9 14 23 24 18 21 25 25 15 16 18 21 21 21 14 15 14 16 16 11 12 13 13 11 10 12 7 11 12 15 10 8 11 18 15 15 14 16 17 15 12 17 14 17 17 17 10 10 12 11 10 11 9 12 15 15 16 21 11 8 13 11 11 8 6 7 20 23 19 16 17 17 31 38 48 35 28 11 18 20 20 17 9 8 12 32 35 7 8 7 21 24 40 26 25 23 30 41 33 31 39 57 12 19 48 39 35 40 20 35 42 32 31 30 38 37 47 31 35 10 31 27 26 10 30 22 8 39 30 27 30 29 48 60 44 35 50 58 76
"80326" 49 71 98 74 83 48 53 60 48 74 107 128 138 13 11 40 37 58 46 32 71 125 18 14 44 36 13 20 33 43 44 14 33 59 46 99 99 106 79 103 119 141 68 18 25 90 120 137 81 10 22 54 98 89 77 79 106 127 72 12 33 42 42 52 50 38 51 42 57 60 21 41 43 20 35 47 70 70 77 78 186 127 98 58 36 33 42 39 55 52 62 61 30 12 30 14 18 29 54 78 166 79 79 134 48 49 72 80 68 84 15 27 15 29 29 40 43 33 30 31 38 45 47 36 32 8 23 23 32 29 50 33 22 49 52 42 34 44 27 63 22 25 36 22 42 52 27 27 26 30 31 32 11 33 23 51 29 27 17 22 16 18 24 15 22 25 23 32 39 45 16 13 23 33 22 29 41 16 20 17 26 28 35 45 13 30 29 19 13 18 21 30 35 15 17 13 11 20 26 33 38 30 18 21 18 17 23 25 18 27 4 11 20 26 27 24 10 16 35 32 39 47 47 8 12 26 38 35 37 45 35 31 28 13 20 22 21 9 9 12 20 22 32 51 40 18 27 44 42 43 66 33 19 24 20 33 31 27 39 40 14 16 20 25 30 26 24 40 51 58 36 46 13 24 54 56 25 23 38 55 38 16 30 54 85 56 22 33 41 67 43 18 17 78 50 41 43 19 13 34 44 14 31 64 11 39 59 52 19 15 46 54 79 110 26 8 23 54 77 30 25 10 13 26 42 66 80 51 86 51 64 47 20 51 129 64 28 18 9 37 115 38 17 27 65 67 58 61 64 74 136 210 153 29
"80327" 95 99 125 130 184 142 82 172 66 27 67 72 107 16 12 36 48 55 59 20 62 191 154 15 22 43 28 29 45 62 98 33 22 44 68 101 146 166 145 56 75 71 37 21 23 25 62 73 101 26 33 19 35 48 61 29 50 62 79 57 25 72 78 80 83 83 86 87 48 26 11 19 31 24 23 33 54 63 67 73 122 75 48 48 62 79 71 57 41 54 39 28 31 8 17 39 13 29 41 36 170 168 89 60 74 34 38 52 34 38 19 26 20 18 35 31 36 42 20 37 40 37 35 14 7 12 14 18 27 39 45 34 18 31 39 34 30 41 24 31 45 21 27 27 26 35 27 13 15 33 41 33 22 18 24 29 25 21 15 15 17 22 15 22 21 24 31 50 12 10 15 17 19 22 25 14 12 18 16 17 17 23 23 33 10 18 16 14 17 17 20 9 13 14 23 14 10 18 15 23 28 20 11 21 24 15 19 17 10 6 6 16 15 19 22 19 16 11 13 18 22 19 31 26 12 14 15 25 32 38 35 23 9 19 17 22 30 29 7 11 13 19 31 38 45 47 47 42 40 30 38 45 40 49 24 17 15 21 31 33 33 16 7 11 19 24 27 19 22 24 18 25 20 10 20 27 31 16 27 40 26 21 20 35 44 63 66 67 41 41 57 23 6 48 41 37 29 19 10 19 47 74 9 23 32 25 53 96 42 14 30 68 79 80 95 31 15 30 66 78 33 26 17 39 61 70 84 109 72 65 60 87 27 16 43 65 18 24 18 22 41 48 15 20 37 64 76 69 91 133 192 193 156 87
"80328" 158 55 46 73 94 113 145 101 96 16 41 37 44 12 22 34 40 58 64 42 46 38 38 23 16 72 41 44 48 76 81 68 12 22 44 54 45 36 50 20 21 16 14 36 17 29 36 58 81 79 56 13 20 23 54 30 35 52 53 95 51 32 71 68 56 71 77 65 62 51 26 30 31 37 15 11 23 26 54 27 30 34 23 28 37 62 69 42 52 49 33 36 26 20 22 36 37 29 44 37 67 65 43 55 32 32 41 51 30 27 17 21 25 16 25 35 42 35 29 33 42 24 26 24 15 24 16 28 26 27 25 30 45 42 35 48 23 10 18 30 35 46 33 29 35 42 33 26 28 15 21 20 30 21 22 12 22 42 36 30 34 19 15 25 34 34 43 22 8 13 18 35 44 38 10 14 12 20 19 17 18 30 22 19 14 17 21 8 19 16 12 36 32 25 30 24 26 8 5 9 9 20 11 18 24 25 8 8 5 6 10 14 10 11 10 11 11 17 14 17 19 25 41 47 36 15 15 29 24 20 18 18 19 21 18 22 21 16 12 7 14 20 14 14 20 22 15 11 15 26 25 19 20 21 18 6 10 13 15 22 30 41 8 11 13 9 9 18 20 35 44 53 17 15 10 11 18 14 12 8 15 33 43 22 17 24 41 48 46 47 50 53 13 45 32 49 38 22 16 28 43 59 11 16 29 20 46 64 51 29 22 36 64 80 57 76 11 17 38 63 59 46 13 29 51 69 105 96 95 57 36 67 41 11 32 42 48 16 30 13 26 36 45 25 23 30 56 69 106 103 82 94 120 157
"80329" 47 26 39 68 129 143 33 54 49 34 74 107 67 9 10 20 43 52 52 19 95 146 32 10 29 41 9 19 31 54 63 16 17 46 47 108 70 39 53 43 85 144 83 13 21 25 69 142 165 16 11 25 53 100 29 21 67 79 79 35 29 95 124 111 158 165 62 69 141 30 10 30 51 26 13 32 39 65 116 114 154 41 28 33 48 41 62 72 60 65 70 50 49 20 17 28 7 12 56 70 111 107 118 93 59 26 33 36 40 31 16 15 28 22 29 21 40 33 16 20 37 40 38 24 13 11 16 23 26 29 45 45 25 49 58 54 26 20 50 49 84 22 17 27 27 53 47 34 44 29 41 43 14 20 25 26 13 21 17 14 14 19 20 20 26 33 40 42 53 41 23 18 31 43 51 26 23 20 29 26 30 27 27 21 17 23 28 29 23 21 27 21 18 22 17 11 15 24 25 39 51 28 14 20 36 18 43 33 32 12 11 16 21 22 31 27 20 13 17 29 43 26 27 15 17 34 43 29 30 40 61 51 14 17 21 16 17 21 17 13 10 18 23 20 29 43 70 60 63 68 36 30 23 32 11 13 16 24 39 46 31 29 13 21 18 15 21 33 51 56 17 46 13 13 28 26 27 14 33 53 43 21 20 37 49 44 18 20 14 32 58 16 9 98 73 27 21 21 12 22 46 17 10 18 17 23 56 119 30 9 20 44 46 122 118 11 9 35 45 45 14 15 11 17 37 50 97 144 56 88 115 28 21 15 29 54 23 11 11 20 73 61 10 11 16 49 27 61 76 39 57 119 184 102
"80330" 64 31 48 75 156 192 57 58 34 25 77 108 73 4 10 23 40 45 48 12 93 236 37 9 32 39 10 26 29 62 84 11 22 50 54 143 110 38 49 40 102 138 100 12 12 20 76 132 130 9 12 22 60 91 40 14 71 75 62 27 33 84 125 124 139 181 68 66 95 28 9 29 41 23 14 40 35 82 99 105 155 47 25 29 51 31 57 66 58 58 62 52 45 18 19 26 4 21 65 61 117 133 121 74 45 22 36 39 51 31 14 19 22 24 31 19 45 28 14 21 41 33 43 21 9 9 18 29 26 27 36 38 26 37 59 41 32 18 55 44 47 25 22 26 31 47 45 34 35 25 37 30 11 21 24 23 15 20 17 15 12 17 20 14 19 31 35 45 44 31 24 17 20 32 31 22 19 19 30 21 22 20 34 29 19 19 27 31 14 12 24 31 28 35 22 6 14 20 28 43 41 30 14 20 40 15 37 35 22 6 12 15 23 23 31 30 20 6 15 32 42 17 29 15 18 23 23 29 31 40 44 34 18 15 11 14 27 28 19 15 13 21 24 23 24 50 74 59 58 74 47 33 27 41 11 10 14 26 39 37 43 38 10 18 15 11 20 33 50 56 20 54 6 16 33 22 23 12 40 42 38 28 19 35 42 40 12 38 13 47 36 8 5 140 74 6 17 18 10 23 53 20 5 17 11 22 76 144 26 4 27 43 63 140 136 5 7 28 57 49 10 9 10 17 36 65 122 165 45 86 123 28 20 21 47 47 27 12 7 22 77 46 7 11 33 61 64 125 94 30 70 137 195 30
"80331" 87 116 114 149 178 68 59 89 85 102 110 140 100 24 23 27 58 63 46 45 86 62 38 32 37 52 37 43 37 54 82 46 54 70 58 89 128 135 131 104 132 73 58 48 36 70 106 83.5 61 27 42 61 93 96 73 97 87 103 66 32 47 45 45 62 58 75 32 29 37 45 41 39 37 31 29 37 60 64 67 68 57 52 77 61 47 34 29 28 39 36 31 31 5 12 25 71 58 45 36 40 159 101 66 21 21 30 42 41 44 323 54 12 10 13 25 23 26 53 60 38 29 36 33 24 38 17 14 13 23 32 19 22 25 25 29 24 25 18 22 33 20 12 18 16 22 22 12 11 9 12 15 12 10 11 12 16 15 17 22 16 17 19 27 26 18 17 20 14 8 23 26 26 34 21 16 19 26 24 17 19 24 21 20 14 10 19 22 20 24 27 27 24 19 14 26 14 13 20 22 23 28 27 25 24 14 16 16 20 19 18 14.5 11 16 17 17 17 14 15 16 19 23 32 25 12 13 17 21 23 45 30 27 18 8 15 17 18 22 16 11 17 19 17 16 20 27 27 25.5 24 31 33 33 26.5 20 18 15 22 24 24 26 26 21 19 15 15 20 15 17 26 15 15 21 35 18 21 30 28 21 14 12 20 21 22 24 38 40 27 16 19 51 47 19 13 13 30 26 31 25 26 33 40 50 36 44 45 45 58.5 72 59 46 36 45 63 72 91 44 26 25 41 62 33 24 23 21 33 52 78 77 39 67 46 43 56 72 38 62 37 28 23 26 27 59 47 40 32 44 72 65 67 77 104 160 221 61 24
"80332" 83 68 69 53 77 90 79 50 76 62 62 69 40 22 24 30 39 51 44 64 69 65 36 45 39 47 55 39 42 46 40 53 16 31 42 39 60 38 55 27 27 32 12 17 23 33 49 56 55 79 67 38 31 42 52 56 26 35 51 63 68 56 59 48 37 37 47 52 42 36 36 25 26 38 35 16 29 36 28 16 11 18 35 16 31 43 42 36 27 20 37 33 20 14 15 23 32 26 25 30 45 106 58 38 56 35 31 24 36 13 17 19 16 16 27 30 21 24 45 35 31 22 17 8 11 28 22 18 24 28 25 30 31 36 28 29 13 16 11 35 69 85 47 25 25 35 7 17 25 31 32 33 35 31 31 20 15 21 15 26 24 21 27 29 30 29 28 23 19 12 15 27 33 16 9 9 13 12 11 12 9 20 18 12 11 13 14 14 15 8 13 12 16 18 23 23 18 18 20 15 11 13 8 10 13 16 13 11 7 5 6 8 11 11 12 15 22 20 18 18 21 27 32 30 23 20 25 29 27 23 19 16 18 16 21 26 33 25 15 5 17 12 17 17 25 31 24 19 19 17 25 24 32 42 25 8 11 19 17 20 21 25 13 10 9 7 20 34 28 41 45 45 21 24 12 13 18 20 13 10 13 23 32 53 34 34 37 40 42 38 36 48 17 35 29 37 91 71 13 18 28 31 24 18 38 47 42 50 40 36 26 33 36 32 33 51 19 27 49 63 52 59 29 22 38 53 69 60 53 46 38 39 59 13 39 39 42 19 31 21 33 53 66 37 36 40 51 54 55 89 204 161 129 91
"80333" 43 50 68 101 98 68 48 55 56 99 125 95 57 24 20 25 27 37 35 43 71 97 73 52 52 62 47 57 55 56 58 69 66 40 41 71 65 83 55 9 27 18 6 9 31 30 45 52 58 33 32 47 53 18 21 41 41 49 61 59 54 52 29 32 33 42 29 16 24 26 24 23.5 23 29 34 9 14 9 8 7 9 19 8 19 17 24 26 22 16 20 26 27 21 12 10 10 17 24 32 28 20 37 39 35 23 18 23 11.5 16.25 21 24 14 6 3 6.5 10 14 19 23 20 13 23 14 12 11 7 11 20 21 8 12 12 13 18 30 28 9 13 26 8 8 9 11 10 17 18 8 7 8 14 9 12 19 18 16 17 6 7 9 10 14 17 18 8 10 12 10.5 9 9 7 8.5 10 6 8.5 11 12 12 6 7 10 13 15 14 12 11 7 9 10 13 10 9 11 11 10 9 7 9 9 18 16 7 6 6 7 7 11 9 11 8 8 9 8 7 6 7 8 8 7 9 8 8 10 13 12 12 7 7 8 7 10 15 24 15 8 9 7 10 10 7 5 9 10 11 11 10 13 10 11 11 15 12 11 11 13 13 6 10 8 7 9 6 6 8 6 6 6 6 6 9 9 16 19 23 6 7 5 7 6 11 6 7 10 15 12 27 21 12 12 14 18 23 24 7 17 22 30 28 24 10 10 18 9 9 5 14 20 20 13 14 15 27 24 14 19 32 45 28 30 29 26 30 39 30 14 17.5 21 24 36 31 26 39 71 42 6 12 14 21 7 12 13 11 19 32 50 48 42 49 45 56 58 70 130 111 76
"80334" 48 21 35 54 123 132 64 32 14 12 15 16 17 13 8 9 37 27 54 8 15 46 45 7 15 27 11 14 28 26 56 28 10 19 63 56 54 33 17 22 70 58 67 23 12 21 24 29 23 19 8 8 18 47 35 12 20 16 30 55 13 33 36 17 42 76 61 58 72 36 11 15 24 17 11 13 40 38 46 36 22 46 10 16 23 46 80 52 25 17 23 28 37 17 90 47 18 15 23 33 65 51 34 31 40 25 25 18 20 18 14 17 19 16 19 9 14 19 19 18 13 24 19 4 8 17 19 20 31 21 20 16 26 36 43 30 19 16 12 26 67 30 26 23 15 26 12 11 21 20 15 8 20 16 19 14 22 32 28 15 19 13 17 20 17 14 13 14 20 15 10 10 23 18 12 13 7 15 27 9 13 16 6 10 10 20 24 12 14 24 22 15 26 8 18 18 10 10 11 21 24 17 11 17 26 17 11 5 8 6 12 13 15 12 6 6 9 6 9 15 18 14 6 23 11 10 14 24 37 27 23 16 4 9 17 13 17 11 10 4 6 5 8 19 19 14 18 21 33 22 15 10 10 10 11 4 9 8 6 10 17 18 4 3 11 9 10 2 6 33 26 8 11 4 5 7 12 3 8 15 13 15 11 17 18 17 7 13 3 8 31 11 2 42 27 15 5 8 12 13 7 13 3 6 6 7 26 53 35 3 9 23 6 23 54 39 3 4 15 40 6 11 6 9 25 12 51 92 64 33 47 29 5 12 16 27 18 11 5 6 23 45 7 7 11 27 62 64 59 21 57 79 79 43
"80335" 158 43 83 159 223 143 44 102 39 35 38 30 85 11 12 35 50 57 52 12 55 102 53 12 22 40 26 27 34 45 100 36 20 40 80 87 98 124 64 38 97 63 63 18 24 14 47 72 72 39 22 17 39 56 38 32 47 60 69 52 22 65 80 79 99 112 82 88 48 27 12 17 31 36 20 28 49 73 51 40 110 72 18 19 23 54 39 60 31 33 23 26 38 13 27 48 19 20 41 36 110 105 63 48 50 39 30 33 29 33 16 18 21 19 31 23 36 52 21 22 28 29 25 7 14 12 13 20 23 21 33 28 20 39 46 32 31 13 22 40 87 33 21 19 25 43 24 12 24 40 24 27 26 13 16 25 27 24 16 14 16 19 11 11 14 25 24 24 16 13 23 12 19 24 48 12 9 14 21 11 13 20 13 17 17 17 18 18 30 14 18 13 26 25 25 15 14 13 15 23 20 12 14 24 27 29 26 7 3 5 7 11 10 15 12 17 15 10 5 9 12 12 17 38 12 15 33 33 38 34 32 18 9 23 12 13 26 20 18 5 12 15 23 28 26 19 27 35 29 26 32 25 31 55 42 12 14 21 26 39 34 30 7 9 17 15 19 25 54 59 47 18 21 13 16 29 28 8 14 49 62 42 23 27 43 83 39 41 15 36 65 42 6 48 47 34 20 12 11 17 37 54 7 27 26 24 46 91 61 12 29 55 23 61 135 74 10 19 43 80 18 15 20 31 51 71 92 124 82 67 73 74 12 9 14 43 36 14 12 25 47 58 16 16 33 70 75 64 98 118 178 156 166 100
"80336" 193 201 229 243 286 83 103 132 154 90 113 180 167 29 25 46 66 85 53 75 145 261 95 31 46 75 41 55 56 95 128 86 30 72 124 171 196 221 182.5 144 124 74 48 39 33 73.5 114 124 74 24 60 74 93 108 67 126 97 123 114 31 51 47 63 79 98 112 67 42 65 55 37 51 60 27 23 33 59 83 68 87 76 64 80 48 52 49 42 37 49 53 59 44 7 18 40 92 64 55 49 47 154 141 112 40 40 40 50 62 56 331 37 16 19.5 23 33 37 33 56 65 36 33 35 32 34 41 18 26 23 30 52 37 23 25 21 26 24 31 23 26 42 18 12 17 17 30 30 32 11 17 11 29 15 14 15 8 10 15 19 17 15 17 26 31 22 23 17 15 9 14 23 29 24 23 15 14 20 24 26 16 18 20 25 33 14 9 23 21 16 23 34 28 21 12.5 4 23 16 18 24 24 26 26 27 26 23 18 15 13 18 22 34 13 13 13 13 12 14 14 13 20 23 29 33 29 6 15 22 23 24 55 24 27 15 12 21 20 22 27 14 6 17 21 20 24 26 33 28 29 25 30 37 36 42 29 25 11 23 29 28 24 37 17 24 30 29 28 15 13 19 10 11 17 19 25 33 16 22 23 23 18 26 31 35 45 68 91 35 20 18 51 87 23 10 19 36 31 20 39 34 14 43 64 61 32 29 39 42 78 80 54 30 54 69 94 129 42 22 26 38 79 39 30 37 14 35 69 101 110 82 59 38 51 93 58 30 63 31 23 23 21 29 54 57 22 21 35 74 96 74 131 128 196 220 203 74
"80337" 28 33 21 30 35 35 48 49 48 49 34 28 25 14 2 19 33 33 39 37 36 25 17 24 24 20 29 29 34 32 27 36 29 23 21 20 23 25 16 19 16 27 30 17 20 33 40 42 46 64 91 15 19 33 31 65 22 22 30 35 57 39 42 56 48 38 35 35 38 31 32 22 22 25 39 38 26 29 26 45 60 33 22 25 26 52 48 30 14 19 32 36 40 42 37 25 28 42 17 20 37 47 45 53 46 44 48 29 22 14 20 28 30 23 12 30 34 38 37 19 33 33 26 23 19 22 10 13 20 22 29 41 41 43 40 23 18 18 21 13 31 21 27 33 29 24 15 13 11 10 17 10 26 35 27 24 29 22 24 24 23 31 29 14 17 31 24 22 20 20 21 19 15 17 28 18 10 14 16 18 13 16 12 13 19 21 25 27 26 35 22 16 16 15 10 9 5 6 13 18 19 21 20 21 14 6 5 4 10 11 10 14 12 9 7 13 24 28 26 19 22 25 22 15 16 15 20 17 22 15 8 16 18 18 14 15 12 11 9 10 13 10 8 12 14 11 12 12 20 19 15 15 15 20 14 12 16 12 15 16 17 10 11 18 15 15 16 10 13 17 16 14 15 10 12 15 14 12 10 4 6 13 24 16 19 27 33 34 49 42 39 31 10 16 21 22 21 17 11 16 26 39 8 7 7 16 23 34 26 21 27 33 38 37 34 36 63 14 21 35 37 37 45 25 31 49 26 21 28 32 43 45 28 46 11 30 34 34 9 24 24 8 27 35 27 30 34 45 56 44 40 48 74 74
"80338" 83 81 23 38 53 94 92 63 73 13 20 21 24 11 19 25 37 47 43 47 24 32 24 27 11 39 33 34 33 43 41 45 13 21 26 33 31 26 45 20 25 17 19 24 18 26 30 39 58 70 48 15 18 24 46 36 20 29 34 62 49 18 40 46 41 48 49 49 48 33 29 20 23 34 15 9 24 16 28 21 36 31 25 19 30 44 38 24 31 38 32 27 22 17 21 37 38 34 27 30 53 63 45 52 35 37 34 36 35 20 18 21 30 15 24 38 33 35 29 24 28 15 17 22 23 24 13 23 24 20 20 29 35 34 26 31 11 12 13 23 30 53 58 19 24 32 27 23 27 27 28 27 34 28 14 18 24 30 19 25 29 23 17 18 28 33 31 10 7 11 22 37 33 20 5 10 6 11 11 10 8 14 25 17 13 12 17 18 12 13 9 22 27 21 18 18 19 9 8 13 11 11 3 8 15 15 6 4 5 5 9 11 9 11 10 11 16 19 13 17 16 25 36 38 25 18 16 25 19 18 17 14 13 17 18 28 23 14 9 7 17 18 23 13 20 23 14 13 16 23 21 13 17 19 19 12 10 12 20 28 34 23 11 11 14 8 11 30 29 41 45 34 23 15 7 9 11 12 8 7 17 36 37 20 18 17 40 39 51 56 38 44 10 31 22 31 33 19 13 22 31 48 14 11 25 19 36 66 53 26 17 26 41 57 49 65 12 13 28 56 66 52 14 26 37 59 70 67 50 41 36 50 43 14 33 39 60 23 27 14 22 33 44 21 24 31 59 75 82 89 113 90 89 136
"80339" 96 114 63 58 87 114 85 56 102 38 45 51 38 12 26 34 42 53 52 73 50 83 36 41 28 51 53 47 45 50 49 61 14 37 50 50 73 32 70 24 30 36 12 22 20 46 58 67 98 89 65 32 33 56 57 56 27 44 61 75 75 64 67 55 41 42 58 54 39 46 35 27 26 45 24 15 31 36 48 25 13 15 32 21 34 55 56 35 24 29 29 27 20 20 23 28 24 32 32 33 56 98 58 45 44 48 40 35 42 16 17 23 24 19 29 32 26 26 26 33 33 33 25 18 16 23 15 26 26 31 20 29 28 38 36 42 16 14 15 33 46 93 44 21 27 36 7 19 28 29 24 29 36 38 25 16 21 23 17 29 28 25 27 24 30 35 36 18 13 11 17 30 38 21 7 8 11 12 9 11 10 19 13 11 12 14 14 18 14 7 13 17 17 18 27 23 19 13 14 15 9 14 8 14 14 20 14 8 6 8 10 12 12 14 16 17 21 27 23 18 23 27 36 30 27 24 24 23 29 19 19 16 19 18 21 30 34 22 13 6 16 11 20 14 20 29 22 19 20 23 24 20 26 36 24 8 9 17 19 18 21 28 9 11 10 9 18 23 22 30 35 43 18 23 10 11 14 19 14 10 14 23 42 30 27 30 38 39 49 45 47 58 17 42 34 53 71 39 11 29 37 59 15 14 37 37 41 64 42 31 30 33 45 53 41 65 13 24 59 64 69 63 20 25 42 60 89 71 51 40 36 49 56 10 45 49 58 16 33 18 35 56 49 32 31 44 54 55 75 106 188 152 157 107
"80340" 33 38 42 43 49 52 52 43 12 16 16 7 12 19 10 14 22 26 35 46 43 77 60 41 39 40 30 38 41 40 41 46 44 58 51 10 15 12 15 18 9 21 22 17 10 21 28 43 44 45 31 47 53 64 62 30 29 49 52 59 63 73 67 55 53 48 46 45 47 34 40 31 40 49 46 38 37 49 51 26 45 42 30 7 8 10 15 11 14 17 12 21 23 27 28 18 16 28 35 32 21 33 30 33 29 45 43 30 28 27 40 25 25 12 10 17 29 36 23 28.5 34 26 18 15 19 18 14 12 23 34 15 9 24 26 39 34 22 41 31 27 23 27 11 24 21 19 17 19 28 35 42 38 36.5 35 20 17 15 10 11 12 20 17 29 40 30 22 16 13 14 14 14 23 16 15 12 11 13 10 15 19 22 20 16 14 12 15 16 13 13 14 16 19 17 16 26 38 23 15 9 17 11 14 26 24 26 28 35 33 34 30 19 12 13 12 23 25 12 13 12 11 18 17 15 32 21 18.5 16 19 23 25 23 20 15 16 21 16 10 13 13 6.5 10.25 14 21 23 22 11 17 24 25 16 11 9 7 8 11 15 7 5 11 16 11 10 15 26 24 24 23 19 17 26 24 20 26 25 22 27 34 22 15 19 15 14 8 8 19 26 35 32 30 32 27 14 8 4 23 42 30 29 23.5 18 25.5 33 19 14 9 7 8 11 15 28 26 31.5 37 40 43 42 43 44 54 56 44 43 28 36 33 35 18 17 22 36 32 58 55 41 21 20 28 39 18 12 8 7 17 22 32 30 28 33 35 44 41 41 41 46
"80341" 145 130 189 90 69 153 98 74 145 162 87 64 48 17 13 27 38 56 57 64 85 102 127 47 32 62 75 44 64 59 54 99 32 44 94 103 121 83 38 32 30 29 13 19 38 62 66 73 73 67 55 50 37 49 41 48 67 39 64 106 94 76 81 53 49 69 69 47 49 31 18 18 26 50 38 13 24 32 32 26 39 43 37 21 29 55 56 70 54 50 46 34 17 10 12 24 35 32 33 37 51 88 50 38 42 34 36 31 43 47 28 14 9 10 18 18 25 31 37 43 34 33 30 16 11 15 16 21 22 25 32 35 30 38 38 46 13 26 39 47 38 24 35 24 27 18 18 21 19 14 15 22 35 15 29 6 15 22 20 28 27 36 34 22 24 32 29 24 22 8 16 23 19 17 22 20 20 13 12 12 11 16 16 18 8 4 2 1 0.5 0.25 0.125 0.0625 0.03125 0.015625 0.0078125 0.00390625 0.001953125 0.0009765625 0.00048828125 0.000244140625 0.0001220703125 6.103515625e-05 3.0517578125e-05 1.52587890625e-05 7.62939453125e-06 3.814697265625e-06 1.9073486328125e-06 9.5367431640625e-07 4.76837158203125e-07 2.38418579101562e-07 1.19209289550781e-07 7.50000005960464 15 14 20 23 22 21 17 18 19 21 26 29 15 17 21 26 29 27 25 22 25 12 21 26.5 32 23 14 8 18 22.5 27 21 17 26 27 21 17 19 22 25 29 29 14 14 12 18 22 25 23 19 7 5 15 9 14 11 13 20 22 34 10 22 24 7 15 29 11 15 11 16 25 30.5 36 43 48 50 46 40 46 42 12 47 42 57 48 38 12 23 25 30 38 18 28 39 47 59 40 45 46 46 52 47 56 39 25 32 50 51 62 55 27 27 38 55 63 68 69 38 54 40 42 13 29 38 6 18 13 20 25 31 66 47 41 55 67 66 57 131 185 207 151 76
"80342" 223 196 224 261 294 80 101 143 170 132 151 195 137 23 23 41 60 75 67 75 157 272 106 25 36 66 30 55 56 85 118 94 35 71 129 208 275 233 230 140 118 87 41 35 39 85 116 128 69 28 71 82 99 100 60 119 102 137 97 42 60 50 54 88 87 88 44 51.5 59 43 36 56 52 24 26 36 62 89 79 80 53 48 76 51 51 36 40 31 48 53 46 31 6 13 35 81 69 61 43 43 122 115 94 30 22 34 46 55 52 289 39 13 13 21 23 37 34 56 55 40 33 33 38 26 36 20 20 16 26 31 20 21 24 25 28 24 29 19 26 33 15 9 17 17 30 24 14 9 12 12 23 11 13 11 8 10 17 21 20 19 18 28 32 18 17 17 16 13 11 23 24 25 19 17 14 17 23 25 15 21 20 23 26 12 11 23 23 17 22 29 28 24 21 6 18 17 14 23 23 23 27 24 24 24 18 16 14 22 11 17 17 15 16 17 13 14 14 16 18 22 28 33 32 9 15 22 22 27 52 24 24 15 13 20 16 22 29 14 6 15 16 18 20 25 31 29 28 19 23 33 56 38 19 17 9 22 25 25 30 37 20 16 20 20 20 13 14 13 9 9 13 14 19 33 16 13 13 14 13 18 22 29 44 22 20.5 19 16 16 44 62 36 10 17 32 29 19 33 25 14 49 64 55 40 27 50 53 86 73 53 43 53 71 112 125 39 31 30 41 82 57 30 38 19 44 82 118 98 75 60 43 54 100 83 34 66 39 24 18 23 30 56 72 29 25 46 88 115 123 132 149 200 181 135 95
"80343" 131 104 65 32.5 52.75 73 55 41 80 177 106 52 42 21 23.5 26 38 46 54 44 60 114 120 57 52.5 48 68 48 49 38 32 76 46 41 76 73 89 100 59 35 26 18 15 18 39 38 47 41 54 57 56 41 27 42 46 46 40 23 40 74 76 48 59 39 28 38 46 31 27 35 25 16 21 30 38 14 23 24 19 12 29 36 25 21 26 32 39 60 54 43 35 25 14 13 16 21 26 26 24 27 27 60 37 35 39 27 21 25 40 36 22 19 15 15 25 15 17 28 51 36 26 29 24 17 17 22 31 26 24 33 46 38 34 33 33 31 20 23 36 41 28 25 33 29 25 29 21 15 33 30 18 26 39 22 36 20 19 17 28 28 26 31 25 22 25 26 30 20 18 12 16 19 27 18 18 18 19 12 13 13 11 13 14 16 14.5 13 11 11.5 12 11 13 13 15 15 15 20.5 26 27 18 13 8 10 3 7 14 19 15 13 10 7 9 12 13 15 17 21 22 20 19 18 20 26 26 26 17 17 22 24 27 29 29 25 26 15 17 24 31 29 16 10 28 25 27 25.5 24 26 25.5 25 20 21 22 22 27 26 24 13 15 13 13 15 18 16 14 9 19 16 16 29 30 39 29 44 18 20 33 14 20 30 15 20 22 21 29 41 52 60 43 36 29 26 30 50 17 33 29 42 52 44 15 14 15 16 42 27 24 48 35 45 46 31 25 24 27 24 30 31 21 32 51 41 43 57 41 28 28 47 55 37 43 27 22 15 46 15 34 39 25 23 15 17 32 40 34 66 39 39 48 38 41 84 170 202 157 69
"80344" 209 233 248 308 310 83 123 170 187 111 155 196 137 26 28 59 81 102 92 77 162 266 103 29 43 77 30 69 79 98 142 89 36 73 118 185 248 245 222 131 123 84 50 36 41 87 124 133 75 83 91 108 98 109 81 126 104 135 101 47 67 67 77.5 88 100 80 60 42 58 45 35 56 55 26 25 33 57 83 67 74 55 53 85 55 56 42 39 34 44 54 44 38 10 11 39 78 75 57 45 42 135 128 100 37 25 37 43 55 48 292 38 13 12 18 25 36 38 55 59 41 32 35 32 29 25.5 22 18 19 25 29 25 26 29 29 29 28 28 22 27 36 17 12 21 19 26 23 14 10 10 10 22 10 12 12 9 14 19 24 22 24 21 27 30 22 24 18 17 11 10 23 31 28 26 19 20 21 27 26 16 23 23 25 31 12 12 24 24 22 25 33 31 27 21 6 21 20 19 25 23 24 28 24 28 23 18 17 15 24 9 19 13 15 16 18 18 18 13 14.5 16 18 25 37 32 8 16 25 24 28 56 26 30 18 14 19 13 21 30 15 8 14 17 19 23 27 35 28 31 24 29 39 64 38 15 24 11 25 27 26 30 37 18 19 19 19 23 15 12 16 10 10 14 13 21 30 16 16 12 19 14 26 28 29 42 55 53 26 21 18 57 62 20 14 23 34 36 21 41 27 17 51 90 73 45 35 65 76 105 77 61 61 77 106 119 144 44 29 31 48 95 78 29 40 22 55 91 125 137 105 86 67 73 105 84 34 68 39 24 21 29 31 60 82 27 27 43 106 111 95 159 144 228 230 154 76
"80345" 127 109 86 75 135 169 99 74 65 228 179 62 51 25 13 25 39 49 57 65 119 138 123 72 39 47 60 56 73 62 37 53 69 50 76 109 99 107 74 39 51 24 10 16 41 49 57 70 68 83 66 59 59 57 45 55 79 53 50 97 121 118 81 54 38 59 77 61 43 57 27 31 37 42 47 21 27 10 25 20 27 48 18 32 30 41 57 60 57 41 32 30 16 13 17 18 26 34 38 40 26 33 33 30 37 39 31 21 19 25 27 17 5 9 15 21 29 29 29 40 36 37 22 18 15 12 17 25 33 30 30 37 42 61 55 43 25 21 34 36 27 12 30 26 22 22 15 18 34 42 17 25 32 24 28 22 20 24 21 21 18 23 23 20 24 30 31 16 11 14 11 13 6.5 12.25 18 13 8 9 14 14 19 24 20 14 10 9 12 12 14 16 14 15 17 18 25 18 28 24 16 9 13 15 13 11 21 17 16 15 8 11 17 12 11 10 15 24 25 16 15 17 14 20 26 22 18 21 22 27 28 28 33 33 24 14 18 28 32 22 14 6 22 24 24 22 23 25 30 28 23 15 16 20 21 17 16 5 17 8 20 19 16 18 9 4.5 2.25 1.125 0.5625 0.28125 0.140625 0.0703125 0.03515625 0.017578125 11.5087890625 23 21 10 19 15 32 24 26 23 25 32 50 63 48 63 50 44 53 48 13 49 43 49 50 49 12 22 23 21 25 16 23 60 56 45 40 37 43 43 50 43 43 61 34 44 51 70 64 59 39 28 48 70 67 49 51 47 35 38 48 10 24 43 40 12 15 17 24 42 41 54 32 39 57 66 53 79 169 202 177 139
"80346" 145 171 177 88.5 144.25 200 95 118 147 106 118 59 47.5 36 28 49 49 56 54 64 104 162 93.5 25 39 73 60 36 65 104 118 80 23 51 82 119 152 146 102 96 71 65 24 39 60 55 68 108 117 30 45 64 47 66 82 90 119 81 100 99 67 61 87 78 51 71 69 77 52 45 28 35 31 37 20 20 29 43 67 58 63 115 51 44 44 38 48 57 62 55 57 52 26 26 26 13 29 45 43 50 85.5 121 91 39 39 39 53 68 79 75 28 23 11 14 16 29 32 36 70 62 54 43 41 18 35 22 19 22 36 33 27 29 41 53 64 49 21 33 48 31 29 11 17 15 48 39 19 13 21 15 25 37 33 18 14 13 26.5 40 37 33 32 30 24 16 23 38 29 16 18 11 28 30 22 22 22 20 26 26 15 13 12 18 35 19 9 22 22 15 29 20 18 19 24 18 14 22 22 25 32 36 15 13 25 29 26 18 16 22 17 9 10 18 18 15 18 24 26 10 26 23 30 36 33 28 13 23 25 25 29 35 39 35 23 17 25 21 35 29 5 9 22 28 28 29 25 34 36 28 28 28 27 28 38 34 30 25 32 17 24 30 27 17 17 17 20 11 9 16 20 18 20 19 17 40 13 19 29 49 28 29 20 28 47 40 45 41 38 25 38 43 69 14 32.5 51 63 47 30 33 14 30 63 100 30 36 54 55 53 76 46 41 44 57 67 93 102 46 20 39 56 73 90 61 26 43 58 77 83 86 33 60 62 96 46 27 47 35 19 26 18 23 28 46 115 48 41 62 90 99 124 165 141 157 170 69
"80347" 189 151 214 123 131 197 123 93 187 162 116 87 76 30 17 33 39 65 63 70 151 149 151 54 30 80 78 67 82 86 75 117 34 48 98 129 146 113 52 50 34 35 13 27 47 57 66 72 100 75 54 57 32 46 48 65 91 57 74 134 108 112 99 65 51 76 67 50 60 37 22 22 26 47 32 16 27 37 44 37 46 86 42 20 37 60 73 86 67 67 56 41 14 12 15 25 38 38 39 38 57 106 52 41 38 33 34 27 50 47 30 16 10 11 15 21 27 31 41 43 39 34 29 13 16 14 20 21 19 25 27 38 38 43 41 30 10 24 38 39 36 20 29 20 31 14 13 20 11 10 16 25 34 12 8 4 14 21 22 28 28 32 30 21 26 31 33 17 9 7 19 19 18 13 22 14 16 11 12 10 9 20 16 18 5 10 12 10 12 11 13 14 15 13 9 18 18 28 11 13 12 11 7 11 19 17 15 9 9 6 8 12 10 11 16 18 18 15 16 17 17 21 24 28 10 15 17 21 26 23 20 20 21 13 18 24 30 33 10 7 15 21 23 17 18 29 21 19 15 17 19 24 25 21 8 17 14 11 21 24 25 24 7 9 10 5 7 6 12 20 21 25 7 24 15 8 20 26 14 21 10 17 28 31 41 50 52 62 49 39 54 31 12 48 45 61 38 28 12 23 25 42 47 27 48 48 49 69 50 50 45 46 52 50 61 40 24 33 53 69 74 64 25 36 43 59 73 75 77 41 47 60 45 23 29 38 5 23 14 17 24 44 100 50 37 59 74 81 73 164 194 218 180 82
"80348" 72 83 78 79 86 41 56 87 65 75 125 183 145 11 18 28 40 46 39 17 65 144 19 11 39 40 10 18 18 43 45 12 33 51 39 70 90 99 72 61 92 115 111 12 24 64 131 170 112 13 18 38 59 69 44 52 84 142 69 12 23 29 25 37 37 28 38 17 43 34 8 23 30 13 27 37 38 62 77 94 207 121 61 31 23 20 32 35 48 55 57 70 26 15 19 15 10 16 39 66 136 54 44 116 23 24 48 65 55 54 14 16 16 26 24 25 37 30 16 13 25 41 40 36 26 14 25 25 21 26 26 16 11 27 34 29 30 28 48 37 15 11 15 18 24 28 25 35 26 23 21 27 9 18 14 15 13 16 12 10 10 12 16 10 14 20 19 33 40 23 16 15 19 26 19 28 30 20 19 14 19 26 26 41 17 16 20 13 13 14 19 29 29 21 17 12 13 18 29 28 37 34 19 21 20 20 30 35 17 27 11 14 21 27 33 21 16 19 30 31 40 42 34 14 16 23 34 32 36 47 25 27 17 15 17 20 20 12 11 16 19 24 31 45 41 26 27 35 42 43 54 17 23 32 21 28 41 36 40 43 19 23 24 23 24 18 28 30 37 30 23 27 10 19 36 41 22 18 23 54 25 13 22 39 62 32 14 18 31 56 28 15 10 48 55 22 38 15 9 20 26 12 24 24 13 22 30 45 10 11 33 35 55 97 39 9 19 42 77 23 19 8 11 16 27 49 68 54 60 31 29 38 22 31 94 56 30 26 17 33 76 43 18 21 50 69 75 105 157 147 182 250 203 50
"80349" 128 148 216 210 281 134 93 153 58 53 105 148 167 27 33 31 34 50 55 30 106 171 139 20 42 66 37 15 26 49 91 35 21 59 87 129 196 181 108 96 109 60 45 50 48 53 77 71 102 27 45 29 36 67 112 76 96 53 106 84 62 66 41 74 82 101 76 52 50 48 23 27 40 35 29 34 60 49 60 71 141 141 59 54 58 62 35 44 48 32 45 50 36 14 23 26 40 39 40 45 126 153 83 96 71 29 48 62 56 53 16 16 9 15 27 38 25 53 43 36 36 33 30 14 20 17 16 23 25 35 34 36 30 35 42 47 28 41 60 46 30 21 28 25 40 66 25 12 29 27 43 24 20 31 18 30 23 27 23 20 20 30 27 29 26 20 24 27 30 17 38 31 31 20 26 20 18 23 16 19 19 23 24 16 11 22 23 20 25 19 19 15 11 23 17 14 11 20 27 26 15 13 25 37 31 16 17 20 19 4 6 8 14 16 18 20 19 16 12 30 37 37 41 11 19 21 22 33 40 37 32 33 23 24 17 20 28 17 4 13 22 17 35 44 41 41 38 42 51 38 32 32 28 51 49 19 20 28 29 33 22 18 12 19 25 28 21 31 26 34 28 31 24 17 16 26 52 31 26 25 34 51 32 47 78 92 62 40 73 76 73 33 24 43 42 45 43 20 13 35 74 97 13 36 64 62 88 136 22 29 51 54 105 147 155 37 17 34 68 48 51 32 38 28 42 74 77 85 35 43 54 84 29 31 62 67 36 48 19 50 52 96 71 62 75 78 64 70 91 80 75 152 162 90
"80350" 63 45 58 47 40 58 95 70 46 68 94 74 39 22 15 25 29 40 43 44 50 91 46 58 37 44 46 38 46 44 38 52 45 22 22 30 25 39 28 12 25 21 15 8 16 30 38 45 61 52 75 38 33 37 44 38 50 32 45 47 54 58 55 48 42 48 43 62 40 48 39 25 32 34 43 25 20 11 16 34 18 21 16 22 20 26 36 35 34 32 30 39 32 18 18 15 23 28 38 41 39 31 31 28 26 36 42 22 17 26 26 25 10 9 10 20 25 31 28 39 34 39 27 25 18 11 15 21 23 31 30 27 36 44 40 33 25 21 31 37 30 10 23 24 28 22 14 20 24 25 16 21 28 38 40 28 29 26 14 23 18 28 36 25 24 42 22 19 16 15 17 13 12 12 14 8 8 17 16 17 23 16 18 14 16 19 27 36 37 21 22 28 34 29 25 24 23 23 17 9 12 13 10 13 15 17 16 13 8 13 20 14 9 14 24 28 26 24 32 26 19 26 30 19 16 22 27 30 27 35 31 32 26 14 21 31 34 24 19 9 14 19 17 18 20 24 21 24 21 20 19 24 27 15 15 13 9 17 21 19 21 18 22 19 23 29 33 31 29 33 32 34 41 21 23 39 23 20 20 14 10 14 25 36 40 44 47 40 36 38 51 37 12 40 33 38 51 55 15 21 19 20 22 16 13 31 41 38 18 30 32 37 34 38 43 39 38 32 41 47 49 53 43 36 35 43 38 32 58 33 34 38 43 27 17 29 30 18 24 22 25 33 29 58 38 37 48 44 59 63 69 111 124 115
"80351" 138 241 180 120 219 135 88 68 199 95 130 179 107 43 24 33 40 47 62.5 78 39 104.5 170 47 47 69 67 31 49 67 67 93 29 50 85 128 171 105 63 62 49 45 20 40 44 49 53 64 83 58 54 45 38 61 58 101 74 46 62 107 77 80 81 57 37 52 55 62 35 40 23 21 27 35 30 26 33 47 44 56 97 186 59 24 44 47 45 47 54 43 48 63 18 19 19 42 42 36 37 36 98 150 57 58 41 40 35 38 66 42 32 24 18 19 22 20 24 30 47 52 34 31 20 13 22 22 24 30 31 36 29 23 33 36 41 30 15 28 37 34 39 18 21 14 20 35 29 12 14 17 23 29 25 17 14 9 12 21 20 21 24 39 23 23 23 24 28 18 11 11 14 21 24 20 23 18 18 18 16 14 13 19 22 15 5 12 15 12 18 16 14 16 17 17 17.5 18 22.5 27 13 9.5 6 7 8 14 19 17 17 19 11 5 7 13 12 10 13 16 18 10 22 18 26 31 26 23 9 17 23 26 23 27 23 22 11 15 20 22 30 35 4 11 17 21 24 18 23 29 20 16 18 18 19 23 21 26 17 23 14 12 14 19 24 9 13 11 10 7 7 10 18 16 25 14 13 36 12 17 24 25 28 18.5 9 13 24 35 35.5 36 29 23 22 24 41 29 17 41 35 61 42 35 24.5 14 23 24 25 30 46 62 39 56 40 35 28 34 37 35 46 32 23 41 42 45 39 56 23 29 27 53 55 50 49 37 36 51 45 29 34 32 14 23 16 21 21 44 106 39 38 43 60 66 59 187 196 205 149 88
"80352" 105 97 115 134 195 81 73 88 68 57 98 127 116 14 39 40 44 42 41 20 48 112 101 10 37 51 34 19 21 44 70 19 21 55 75 107 162 131 86 89 132 109 85 51 46 52 88 138 173 21 35 25 52 74 119 83 87 71 99 48 45 45 27 91 136 95 80 51 29 51 17 31 53 30 36 35 55 69 69 77 266 102 59 55 64 76 70 48 59 45 48 57 68 24 14 22 15 26 53 50 194 181 107 121 97 26 55 59 53 47 10 18 21 14 25 28 30 48 31 19 36 31 61 33 13 12 10 18 23 27 30 40 20 35 36 42 45 30 58 47 22 9 17 23 37 64 20 20 22 32 43 16 12 24 17 32 22 15 13 11 9 24 21 17 22 18 26 30 30 8 24 11 17 22 18 28 25 19 18 13 18 24 29 31 15 16 24 27 12 9 25 30 15 19 26 7 6 16 30 34 19 13 17 33 32 11 18 30 22 12 5 9 14 20 24 27 7 10 16 29 27 32 42 12 19 18 22 33 33 25 35 34 35 29 18 9 28 6 4 8 13 18 39 36 41 47 49 50 49 45 54 62 28 42 21 11 19 26 34 29 24 16 5 9 21 15 13 33 52 45 83 46 12 9 17 27 37 18 18 22 34 16 15 34 69 87 96 48 34 52 42 10 8 168 234 60 37 22 9 34 78 64 12 36 41 55 92 96 15 12 43 60 84 131 180 11 14 24 61 54 31 16 19 23 32 48 92 113 53 42 57 63 17 32 68 80 43 50 10 56 125 150 68 33 57 62 69 70 102 38 84 148 205 92
"80353" 198 80 87 103 130 157 154 135 117 32 49 58 121 34 20 31 48 58 60 36 58 80 90 24 22 54 56 47 48 77 99 68 17 33 72 86 92 77 111 25 32 27 30 35 29 24 55 60 92 52 60 16 20 31 71 33 52 52 83 84 36 57 79 106 68 56 60 68 44 48 17 19 29 50 17 23 44 56 62 81 82 133 32 41 63 62 58 43 41 46 41 32 24 20 21 42 24 33 36 37 128 92 52 51 60 24 36 56 33 60 19 22 25 16 31 34 37 38 24 39 39 31 23 17 24 16 20 16 23 23 23 30 36 37 34 43 34 17 14 28 55 35 26 20 33 53 46 22 21 53 48 33 40 25 26 24 32 21 19 24 42 23 17 23 36 26 40 39 9 13 39 47 32 34 28 8 11 25 21 26 37 37 35 15 15 16 17 13 27 25 19 11 30 26 28 25 19 21 21 14 20 15 17 23 22 27 11 16 7 9 9 16 14 19 18 15 17 25 13 18 28 36 45 38 21 25 23 24 27 26 22 20 13 27 37 21 45 25 15 17 21 28 26 23 52 31 30 30 33 37 37 33 31 39 57 24 21 22 28 30 33 40 14 12 18 34 27 31 54 39 63 39 39 17 14 21 38 30 26 24 26 38 30 51 57 50 72 73 84 46 73 74 20 46 50 62 31 20 19 26 54 103 14 34 45 35 54 86 42 28 40 67 101 82 117 72 21 25 59 74 65 41 23 55 71 89 91 90 80 57 42 92 22 27 43 54 28 40 29 18 38 68 32 30 38 47 74 85 88 152 154 60 152 170
"80354" 218 195 256 190 308 166 99 132 102 53 120 148 169 36 17 27 38 60 52 52 141 173 146 23 47 75 45 25 34 84 125 59 28 56 92 133 255 219 180 100 77 45 46 43 40 55 70 74 90 21 45 32 32 59 88 111 60 45 101 89 76 61 50 76 54 68 53 53 38 42 27 32 31 37 25 28 30 52 56 59 78 166 56 45 58 46 41 53 57 23 31 31 19 10 22 31 50 50 32 40 126 165 82 80 76 46 53 62 51 51 19 18 11 21 21 24 20 37 66 46 46 35 20 11 12 13 15 25 25 24 22 22 29 35 43 36 16 38 37 34 35 18 27 22 23 31 22 6 14 17 22 25 18 20 13 13 18 22 18 22 24 37 26 34 26 18 30 18 18 8 20 24 25 22 25 21 12 24 14 18 18 23 23 11 7 17 20 14 21 23 14 15 11 13 15 17 20 19 21 21 7 11 15 21 20 14 14 16 13 5 6 14 17 16 16 19 20 12 15 21 32 40 34 17 14 22 25 29 31 37 34 27 13 27 29 17 28 23 5 12 22 31 30 25 35 38 37 42 58 35 22 32 33 39 24 22 30 24 26 23 15 9 11 19 24 18 14 22 20 18 20 14 33 35 28 29 50 51 34 24 26 49 67 54 101 81 50 49 91 99 82 23 31 33 48 60 48 25 9 29 68 127 13 36 44 52 64 103 18 28 51 49 104 82 77 18 17 36 61 46 43 35 28 29 43 67 77 86 37 44 53 89 25 27 46 49 35 24 13 16 27 89 76 29 37 63 91 86 126 93 95 164 138 118
"80355" 87 81 70 46 70 82 44 29 64 56 45 45 18 10 27 33 39 37 33 52 52 79 27 41 37 42 46 33 24 25 25 47 17 42 46 46 58 34 72 25 37 37 13 19 27 37 57 61 80 89 68 42 28 49 55 53 26 44 36 65 80 58 54 39 35 33 39 36 34 37 32 27 18 38 34 13 32 45 37 25 14 17 34 22 34 54 50 40 21 23 25 31 19 17 23 27 24 26 28 31 53 109 54 32 43 41 41 30 30 16 22 23 23 20 30 24 31 19 30 28 29 27 18 16 16 23 14 29 28 33 21 28 27 28 26 32 12 15 14 33 42 66 47 22 21 31 13 14 16 33 14 32 30 44 28 27 19 16 13 18 26 25 30 21 27 33 37 15 15 10 11 23 40 14 5 6 10 8 8 9 8 12 14 9 10 10 12 13 16 8 13 14 16 16 14 12 16 15 15 11 5 8 7 8 11 18 14 9 6 6 9 9 11 13 14 18 19 21 20 20 22 25 30 27 22 22 16 22 23 22 15 11 14 8 16 24 34 23 10 5 16 10 18 18 23 28 22 16 22 22 24 21 28 38 28 8 9 12 12 13 18 21 9 9 11 7 15 39 27 33 39 40 23 22 10 14 17 17 15 14 12 18 36 31 28 33 30 28 32 38 37 44 18 22 19 32 68 40 10 25 26 46 17 17 37 43 44 69 47 28 23 22 33 29 22 51 18 28 56 45 50 54 22 22 33 53 67 38 39 36 25 34 60 13 42 49 60 12 35 20 33 54 51 29 34 50 37 45 61 99 146 154 152 107
"80356" 46 34 58 75 63 51 73 86 74 113.5 153 80 41 47 42 39 39 32 59 74 91 76 58 37 50 57 33 43 48 55 73 63 50 71 108 117 89 73 45 22 36 63 26 23 19 43 64 69 40 20 33 47 11 19 20 23 41 58 51 37 34 36.5 39 41 51 73 40 23 29.5 36 10 11 31 35 44 43 34 22 21.5 21 26 23 10 13 18 9 14 15 26 37 34 44 26 17 11 13 31 32 42 47 28 22 25 14 22 30 42 19 24 32 16 5 6 12 12 18 25 31 15 23 31 42 42 33 28 26 14 9 6 2 6 15 13 21 26 33 32 20 28 44 22 18 20 36 37 17 22 12 18 26 36 6 16 8 8 8 12 18 14 14 16 13 16 23 13 18 32 27 13 15 15 11 14 27 31 33 38 36 26 17 12 20 25 27 2 9 20 28 18 29 35 31 5 3 8 14 13 17 23 28 29 26 23 24 14 14 6 5 5 11 17 9 14 12 11 8 8 9 10 15 13 7 15 3 6 12 20 22 27 21 22 15 11 19 20 11 11 5 8 11 19 9 13 12 14 22 30 39 40 37 28 33 10 8 5 12 24 30 27 36 21 16 8 5 13 8 6.5 5 11 19 17 11 19 18 12 7 11 7 3 7 13 6 14 19 6 7 10 24 36 54 18 3 9 41 31 14 20 18 25 39 57 36 62 28 14 14 24 19 16 28 45 49 64 51 19 33 59 68 13 35 32 41 31 39 47 52 62 72 33 46 76 85 94 48 57 65 53 25 22 37 43 52 77 71 59 107 97.5 88 102 92 146 104 85 198
"80357" 71 34 35 71 142 135 48 35 14 19 21 16 17 8 7 11 37 28 59 7 26 66 42 7 19 31 12 16 32 26 73 25 8 29 65 48 66 48 22 35 82 68 63 16 10 19 30 41 35 21 9 11 24 58 35 15 31 30 46 69 16 44 60 36 56 102 61 72 80 34 8 17 29 21 14 16 41 38 49 32 23 49 10 15 25 54 71 48 32 38 32 29 31 17 87 50 14 12 32 37 78 53 39 35 43 29 22 22 24 18 15 19 21 17 25 10 18 35 18 21 13 22 15 3 13 16 18 20 31 30 28 19 31 43 43 30 24 17 16 35 92 39 33 24 12 29 16 13 29 23 14 12 21 15 17 14 23 30 23 16 16 14 26 21 16 12 12 13 20 13 6 13 21 28 20 9 5 11 22 8 12 13 4 6 5 17 19 8 13 21 15 14 29 8 14 14 7 9 9 21 23 13 5 14 24 12 11 2 4 5 9 11 12 10 5 5 13 6 7 17 24 15 6 22 9 10 17 27 42 26 25 17 6 13 12 17 22 15 9 3 8 9 11 20 18 14 18 28 36 27 19 11 12 15 21 6 13 14 11 17 21 24 5 6 13 12 15 7 22 44 29 15 12 8 12 12 15 5 13 22 20 24 14 32 40 38 14 16 6 16 40 14 4 63 36 22 12 14 11 18 14 18 5 11 10 11 37 71 42 6 13 30 15 33 73 42 7 12 27 50 15 16 8 13 39 37 72 117 69 39 62 35 9 14 17 34 39 13 9 12 31 50 10 11 17 46 69 71 75 45 78 112 108 46
"80358" 56 58 69 60 70 49 39 40 46 88 116 116 52 10 31 29 46 45 37 46 70 88 26 17 43 44 30 44 33 40 44 16 44 51 40 74 78 70 93 45 57 49 36.5 24 19 39 59 79 38 27 21 54 63 62 45 56 92 84 34 27 27 30 33 34 33 29 37 39 35 52 35 30 33 16 25 27 42 48 48 65 125 122 40 43 35 27 30 29 35 30 27 40 8 10 21 30 24 29 39 70 118 78 62 38 38 84 73 47 119 107 17 8 7 8 20 25 28 54 39 23 24 25 34 24 29 12 7 15 36 25 18 20 22 25 28 26 23 21 21 31 17 12 14 14 17 25 13 9 10 14 19 11 14 10 10 15 11 18 14 13 16 13 11 9 17 16 16 7 13 17 17 18 29 20 15 16 19 23 13 14 16 18 18 12 17 19 12 15 10 10 16 23 23 13 9 8 9 18 23 23 20 16 9 12 10 13 16 20 12 20 11 5 14 15 13 12 16 18 17 26 19 23 17 8 10 14 20 21 32 17 17 24 12 9 12 14 18 5 5 10 7 12 24 11 20 23 20 22 32 31 21 11 12 12 12 21 23 18 10 11 10 10 18 9 16 16 11 8 16 17 17 18 13 18 21 17 18 15 14 14 14 13 16 30 28 15 16 19 19 24 21 12 12 18 24 23 24 13 15 23 24 20 18 27 14 24 33 31 34 30 26 30.5 35 43 32 11 24 37 33 29.5 26 14 22 26 36 44 38 32 54 34 33 39 59 29 43 39 27 14 20 26 38 27 18 18 33 39 39 47 49 61 73 84 45 27
"80359" 124 22 33 49 52 89 126 88 74 9 17 24 43 14 15 30 35 72 65 34 20 25 36 17 16 40 36 41 40 60 75 50 10 11 31 41 28 30 45 12 12 11 13 32 12 19 24 29 50 55 40 11 13 25 59 17 34 36 42 72 25 23 49 44 53 64 72 81 62 51 20 24 31 34 12 10 18 26 38 30 16 34 18 17 23 52 73 38 67 37 28 37 21 16 24 36 42 28 38 41 71 53 37 41 28 27 31 41 15 14 13 16 22 13 21 28 33 39 31 26 34 24 17 17 11 15 13 21 16 13 17 23 48 44 32 40 14 6 13 20 24 39 30 22 28 23 26 22 13 9 15 7 23 14 13 5 17 33 25 25 31 9 8 10 21 20 26 16 4 4 19 27 28 35 8 4 12 17 21 13 12 11 9 19 19 16 23 7 20 17 14 14 27 26 21 23 34 11 2 7 5 13 17 23 23 24 5 4 4 9 7 12 11 11 10 9 9 11 10 14 17 22 22 44 34 12 12 16 11 16 15 10 16 13 13 15 13 11 8 5 11 14 11 17 24 14 10 5 11 28 17 12 9 10 9 4 7 8 11 12 21 22 6 9 8 10 6 11 22 39 40 30 12 11 8 10 21 11 7 7 15 31 23 18 17 17 41 39 34 20 39 51 11 50 32 50 17 16 16 21 32 81 8 12 27 19 39 60 57 21 21 41 49 71 66 95 10 11 29 67 46 12 13 38 51 72 90 104 74 61 40 73 27 9 27 28 18 15 22 12 26 36 32 26 27 30 59 69 111 79 46 53 107 160
"80360" 144 64 41 79 109 133 124 78 93 19 37 30 33 12 18 29 40 60 58 44 38 55 34 22 11 45 42 41 43 65 64 78 15 21 62 58 52 37 61 20 19 17 14 31 16 31 41 72 92 84 66 17 25 31 54 34 34 62 58 100 60 35 80 93 62 64 77 56 52 51 27 32 31 45 15 14 27 23 63 39 26 29 25 29 37 62 68 44 49 57 40 34 26 21 22 40 31 31 50 35 69 73 52 61 35 35 45 46 42 29 15 21 25 16 27 33 39 34 27 34 42 26 27 22 18 20 14 27 26 32 28 30 40 39 31 49 28 6 19 30 33 54 36 28 34 53 27 21 28 20 21 17 30 26 21 10 19 28 24 28 33 18 18 26 30 33 45 17 9 8 18 31 38 28 10 12 10 17 14 14 20 28 18 15 13 15 18 10 19 15 13 27 26 24 25 23 28 10 7 11 13 22 11 20 21 29 11 10 9 9 11 17 13 16 14 15 14 17 14 17 19 25 37 44 35 19 18 30 27 22 20 20 21 21 20 23 26 18 16 7 13 17 12 14 23 25 16 12 17 28 28 21 22 24 17 4 9 13 16 29 35 35 6 9 16 11 13 17 18 29 36 41 14 17 12 14 20 16 11 8 13 26 34 21 18 18 37 44 53 47 47 48 11 35 33 47 32 21 13 29 45 53 7 13 33 22 46 69 50 25 20 36 75 86 59 82 9 18 40 58 68 62 12 30 48 63 104 93 77 46 32 63 41 10 36 43 35 17 31 9 28 40 41 26 21 29 59 70 108 126 134 101 125 169
"80361" 29 30 34 38 47 30 35 39 30 8 10 27 12 14 13 9 13 21 25 28 36 32 28 27 43 39 24 30 28 28 24 24 20 27 19 48 42 21 17 18 13 14 11 10 12 18 29 37 29 34 37 48 23 26 46 44 33 42 22 27 41 41 45 41 24 21 17 25 33 34 26 31 39 23 28 33 24 25 15 10 17 16 11 17 10 15 24 18 21 13 21 25 19 14 11 13 14 26 53 54 19 19 26 30 28 29 43 21 13 43 15 24 12 12 21 12 31 22 13 13 22 18 12 7 7 7 9 23 45 21 34 17 15 19 37 11 8 19 21 14 11 9 17 16 14 7 8 10 12 20 32 18 12 10 6 6 7 9 6 10 8 15 18 19 10 15 11 8 5 7 7 7 8 10 9 6 8 13 9 9 6 7 6 6 6 6 5 6 5 5 5 4 4 6 10 20 13 4 10 9 7 6 6 6 5 8 16 25 20 13 7 6 6 10 8 6 8 11 9 9 11 12 7 8 8 12 9 11 16 18 13 10 7 5 7 8 11 9 7 8 9 10 15 15 5 10 19 15 16 10 7 4 3 7 6.5 6 11 16 11 9 8 7 7 8 10 15 9 9 12 14 7 11.5 16 23 15 13 21 22 14 18 12 11 12 16 24 25 26 39 38 42 38 25 10 27 21 19 18 13 24 25 30 24 19 19 18 10 18 28 22 17 25 33 42 42 27 35 52 44 35 55 44 53 52 31 33 41 43 46 38 21 33 29 19 21 29 34 64 29 10 15 36 8 14 20 30 35 26 27 39 46 66 57 47 44
"80362" 56 90 90 84 83 44 39 55 71 56 81 114 117 22 17 25 36 49 43 22 46 72 25 15 31 38 15 18 23 32 38 16 23 38 40 71 110 134 94 82 93 97 41 64 28 74 102 121 113 15 29 34 63 85 103 115 117 128 89 21 23 31 32 37 43 35 44 32 42 60 19 26 41 17 43 62 67 76 104 106 120 147 59 59 52 43 58 55 49 55 62 71 55 17 22 20 19 18 43 55 157 57 60 101 52 31 51 65 61 59 17 27 23 26 29 23 42 31 24 24 31 38 48 38 23 16 18 19 25 32 33 35 22 33 37 31 38 43 44 56 23 19 20 21 28 46 15 16 30 19 31 26 17 25 19 34 27 23 16 17 18 20 26 22 22 25 24 34 38 16 24 15 23 26 20 26 36 15 16 22 23 22 27 36 18 24 20 20 14 15 20 32 18 13 18 11 14 20 28 33 37 24 17 20 26 19 25 24 26 18 4 12 20 20 21 19 16 16 32 39 43 41 40 12 15 30 33 34 48 35 38 32 23 17 15 20 30 13 10 13 21 21 29 49 51 23 36 52 46 40 61 39 14 28 26 28 27 29 42 45 19 18 15 23 29 23 26 35 43 45 51 43 18 19 30 45 36 25 21 42 37 17 23 39 67 58 32 28 41 50 28 33 16 50 55 54 45 27 15 28 41 21 21 35 23 28 42 46 24 18 30 38 53 76 38 17 25 34 49 34 22 25 17 21 29 46 56 46 76 36 49 58 33 42 83 54 35 27 16 25 64 40 18 23 37 59 33 36 51 70 93 142 129 28
"80363" 57 60 65 81 66 72 82 117 128 143 129 108 115 45 31 40 44 51 69 81 108 107 102 101 50 75 82 72 64 77 93 109 133 146 137 144 157 158 143 114 107.5 101 61 21 24 40 45 71 80 77.5 75 77 29 26 32 33 52.5 72 78 62 64 60.5 57 63.5 70 106 66 51 52.5 54 16 22 28 49 67 46 34 46 45 61 68 20 11 26.5 42 20 28 29 35 53 53.5 54 45 8 23 23 33 37 42 47 46 39 50 33 20 39 49 29 37 29 44 13 14 13 26 41 40 57 25 38 44 55 64 48 42 24 25 14 12 14 15 15 20 31 54 69 59 31 47 45 34 12 26 42 55 48 37 30 40 36 47 8 19 11 16 10 22 37 21 28 18 16 18 25 24 17 23 27 24 21 30 18 16 23 26.5 30 30 36 30 22 21 26 40 28 7 17 23 39 28 25 33 28 11 10 8 21 21 21 27 20 19 23 14 23 20 20 15 8 10 15 15 19 14 14 15 20 13 16 17.5 19 19 26 33 10 10 18 23 39 29 35 33 29 20 23 29 13 17 14 9 19 29 20 17 39 33 31 37 35.5 34 44 48 39.5 31 22 6 12 19 9.5 37.25 65 33 21.5 10 6 10 14 14 17 14 17 26 26 20 22 20 30 31 14 8 6 21 17 14 29 21 15 16 38 43 44 47 6 14 58 70 78 18 26.5 35 51 65 79 77 67 16 12 21 28 23 36 62 59 76 75 35 61 90 120 35 53 61 53 43 22 29 47 52 66 57 73 88 82 106 82 25 46 83 31 16 29 51 61 63 66 78 88 73 95 95 107 148 148 113 164
"80364" 168 94 116 198 240 101 53 68 97 165 203 241 219 37 28 43 46 45 48 61 101 108 78 36 55 66 65 61 67 81 97 66 35 41 68 87 111 146 141 59 75 79 34 21 42 75 109 118 116 79 46 51 54 65 45 70 96 100 104 87 70 64 43 56 44 31 42 46 39 22 31 26 25 35 22 13 29 44 52 39 64 49 42 23 29 28 37 31 33 41 39 43 16 8 19 23 45 42 35 38 49 58 63 43 27 27 35 33 34 41 41 8 5 4 11 17 24 34 34 37 35 31 45 23 15 10 14 17 23 19 18 22 27 30 37 33 12 26 20 25 35 6 9 22 40 28 23 27 23 21 19 20 23 17 18 7 10 17 12 18 20 28 10 13 20 29 15 6 5 9 10 17 12 11 19 16 22 22 12 14 7 3.5 11.75 20 7 9 13 20 14.5 9 4.5 8.75 13 11 5 12 13.5 15 16 17 12 10 8 17 22 7 13 15 11 8 8 12 10 11 16 17 16 15 12 17 21 23 27 30 7 11 15 21 25 29 29 25 16 12 22 24 28 28 6 5 12 16 17 17.5 18 22 24 22 20 20 20 26 28 12 4 7 19 19 9.5 4.75 2.375 3.1875 4 5 8 5 2 6 11 16 15 14 9 12 9 5 10 9 14 9 10 16 17 20 30 28 23 18 29 45 61 33 10 24 32 28 24 22 19 26 29 38 61 24 21 24 37 56 32 24 28 32.5 37 49.5 62 45 19 30 57 42 47 61 37 41 60 54 57 48 48 33 44 69 50 13 40 45 18 19.5 21 28 31 51.5 72 70 54 27 69 111 118 129 171 188 166 90
"80365" 58 74 65 55 46 73 72 67 42 55 80 50 23 20 13 24 35 40 43 47 57 115 60 47 43 45 46 39 37 35 40 50 61 38 19 27 20 40 27 16 29 21 18 10 18 36 37 45 50 47 65 47 40 41 43 38 57 36 49 48 52 69 54 32 37 46 49 46 41 48 42 28 27 34 49 21 20 11 20 43 23 24 17 22 23 28 35 38 31 35 36 38 19 15 17 15 24 30 30 39 44 38 29 27 31 33 30 19 15 26 27 23 9 10 12 20 28 30 26 31 32 41 27 20 21 11 12 19 26 33 23 32 33 34 38 37 33 23 38 36 29 9 25 27 27 26 14 17 23 26 27 27 29 41 40 31 30 31 14 17 20 25 33 25 24 34 21 19 15 12 15 14 12 13 19 12 10 16 13 15 20 20 20 13 12 13 12 12 14 15 15 16 18 19 23 23 26 24 22 10 11 13 16 9 18 18 20 18 11 14 17 16 13 14 21 20 24 23 27 28 19 23 29 21 15 17 22 25 24 29 32 32 29 14 21 29 32 26 15 8 14 23 21 17 19 24 21 24 23 18 22 27 22 13 17 12 9 17 21 20 21 17 21 23 18 26 32 35 34 35 42 35 39 21 26 44 31 21 23 22 21 13 19 31 37 49 50 36 30 39 56 45 10 35 30 33 66 61 13 21 26 23 21 12 11 26 30 40 20 27 26 28 29 32 31 35 39 32 46 45 42 46 44 36 38 42 37 34 40 32 29 33 43 20 21 29 37 18 22 23 24 36 31 54 40 34 35 34 46 52 58 84 130 90
"80366" 126 104 117 163 200 195 95 72 123 220 228 66 96 49 29 34 49 65 81 101 211 213 142 84 48 77 72 72 83 71 45 119 63 71 79 111 109 125 84 53 55 42 20 32 48 63 69 81 87 90 55 68 70 49 57 64 77 69 65 115 124 108 82 46 33 53 43 41 37 37 29 23 25 36 36 23 24 19 26 18 27 57 49 33 28 45 48 40 40 43 34.5 26 16 13 19 25.5 32 33 29 30 24 64 42 38 32 26 19 19 31 65 45 18 10 13 15 18 21 28 43 49 25 30 14 13 15 16 22 21 37 29 34 24 27 42 43 48 15 16 33 46 39 17 26 22 17 47 38 10 41 36 12 23 39 20 27 14 11 18 34 27 19 35 15 12 29 39 33 30 18 13 8 13 10 26 21 16 10 8 9 11 15 20 18 12 8 9 8 8 12 12 10 11 10 12 11 11 20 27 33 9 10 11 8 10 18 15 11 18 11 8 13 11 11 9 10 15 21 25 16 17 21 23 31 34 19 16 20 24 24 31 44 41 37 10 18 28 41 43 10 8 20 22 28 32 26 45 52 35 29 25 18 28 27 47 20 16 23 14 17 17 15 14 17 10 14 18 10 19 23 30 30 91 49 25 24 13 30 29 39 24 24 32 77 47 100 57 35 38 45 41 57 104 20 40 36 49 35 49 12 19 24 24 60 33 31 65 50 49 39 31 39 35 42 39 49 70 36 43 47 66 75 80 41 32 50 54 58 50 57 37 32 39 55 17 35 46 15 24 22 24 43 49 52 75 45 53 75 76 60 119 200 205 177 129
"80367" 47 67 48 40 45 49 44 43 41 70 54 36 15 9 11 25 33 46 50 49 54 125 36 41 35 43 48 34 35 30 29 49 41 20 17 22 25 37 14 11 27 14 21 5 15 38 29 31 43 51 67 35 29 52 42 51 46 33 36 36 62 60 63 46 34 35 53 56 43 40 35 37 24 37 47 21 21 13 13 28 17 20 11 12 24 36 35 32 28 24 36 28 26 14 11 14 22 25 23 29 38 31 35 22 36 31 26 30 11 18 19 31 17 6 12 18 17 26 39 40 28 20 16 7 6 6 6 15 25 27 26 27 26 27 22 24 18 16 28 35 15 34 22 23 21 18 15 20 23 29 23 23 26 37 31 21 22 18 9 8 9 22 37 31 32 35 18 24 15 5 6 5 16 11 8 11 8 9 4 3 7 14 12 3 4 7 12 9 11 14 12 10 11 11 19 34 24 19 16 13 5 8 7 6 14 12 11 7 7 7 10 6 17 16 17 22 26 31 27 25 21 30 31 16 12 12 23 28 28 26 23 13 12 8 12 21 28 15 10 5 9 6 11 19 22 26 22 14 24 20 20 18 20 17 16 11 5 9 11 12 12 13 23 13 15 21 22 35 39 43 39 29 41 15 23 27 24 16 11 6 8 13 27 25 32 39 42 42 39 33 40 43 13 26 25 28 29 27 11 21 23 23 9 8 8 24 37 33 22 25 27 23 28 30 24 30 55 35 46 52 41 39 51 25 35 44 48 31 30 33 33 28 31 22 12 24 22 15 26 25 25 22 30 33 27 38 38 37 40 47 59 88 117 98
"80368" 32 30 61 72 72 146 65 47 26 35 45 30 29 6 17 36 38 39 40 18 42 202 23 14 20 33 35 20 34 50 61 30 20 45 38 75 66 93 65 90 58 111 94 28 22 48 54 94 99 19 13 16 29 87 16 22 44 52 46 24 18 72 129 64 75 74 55 59 52 14 11 22 44 14 13 19 45 52 74 46 58 48 17 30 33 53 57 62 71 70 59 50 46 64 196 19 7 14 39 41 51 50 73 74 76 37 32 27 30 30 25 32 28 30 26 11 22 23 23 15 18 19 20 19 21 9 14 30 18 21 49 37 27 21 32 33 31 49 26 38 43 32 19 27 13 29 17 25 21 23 14 23 13 8 20 35 19 21 21 12 27 29 18 23 20 14 15 21 19 28 8 12 27 31 11 12 31 17 16 21 12 24 24 6 14 15 26 23 10 14 23 24 47 24 20 7 5 12 19 31 37 37 24 9 19 22 22 9 9 7 11 19 21 16 24 24 12 5 11 19 18 10 7 20 14 17 19 23 30 32 35 34 12 12 14 26 14 11 20 20 8 12 17 10 19 17 25 51 20 24 30 34 32 23 7 21 25 22 15 24 26 12 13 23 20 27 35 9 19 58 22 15 11 11 15 18 13 7 24 40 19 31 45 56 48 23 43 21 14 21 24 13 6 40 76 11 52 90 28 25 23 27 13 17 20 32 38 72 31 12 30 23 21 38 62 13 9 23 37 62 18 15 13 27 23 36 84 112 60 45 60 16 15 17 42 65 35 13 10 20 33 50 21 30 44 76 81 94 43 93 59 73 89 46
"80369" 69 97 86 96 90 108 75 53 35 101 141 117 16 29 21 30 37 43 46 55 76 122 94 75 47 59 56 50 52 48 45 60 102 56 29 54 36 32 55 19 45 30 15 16 42 41 40 57 83 54 70 70 73 69 58 51 64 72 70 67 87 92 71 48 45 55 58 49 43 51 31 32 37 49 49 24 34 16 20 37 23 19 13 24 34 32 36 37 31 33 37 21 14 18 14 13 24 42 42 33 22 37 48 21 41 41 36 35 18 28 27 14 7 10 9 18 30 41 30 45 39 27 17 14 31 14 16 32 39 25 18 27 34 38 33 36 20 20 33 33 29 11 32 31 26 21 10 16 21 35 26 25 40 49 42 37 25 29 14 19 28 26 27 21 31 32 43 15 11 11 13 10 7 10 15 10 10 12 17 13 16 23 17 14 8 9 10 13 14 15 15 16 15 15 17 18 23 32 26 16 14 13 13 17 19 19 20 22 13 25 20 13 14 16 21 22 17 6 12 17 19 25 32 26 26 27 16 17 21 27 43 44 20 26 16 22 31 21 14 6 28 42 29 33 30 24 28 40 33 23 17 14 14 9 13 7 20 22 22 19 13 10 16 24 18 32 40 39 38 43 45 44 58 42 48 58 26 19 39 26 25 26 24 31 43 57 53 45 43 48 38 17 11 43 39 45 68 53 9 19 34 30 12 4 5 45 51 42 16 28 32 35 35 40 46 64 43 53 62 63 51 59 72 31 49 49 29 30 42 38 31 38 43 21 27 39 21 16 15 20 24 37 44 43 38 39 53 56 69 74 90 138 171 157
"80370" 43 33 68 33 46 44 44 34 41 74 90 92 33 5 11 23 39 45 44 25 48 59 15 10 20 25 18 22 25 40 27 12 21 22 22 34 29 49 64 64 54 49 31 10 18 44 66 69 27 17 20 43 60 52 25 32 84 78 24 20 31 33.5 36 36 30 39 65 32 35 38 23 25 29 17 27 36 35 40 31 61 197 137 64 41 31 21 32 29 34 34 23 33 20 17 28 18 18 24 60 114 124 105 50 97 24 54 68 59 245 44 13 15 8 10 14 21 28 52 35 18 36 44 26 17 18 17 16 16 25 22 21 24 22 39 41 38 30 24 72 43 21 17 15 15 37 37 23 16 12 24 28 18 11 19 14 11 15 21 11 15 15 15 13 17 18 17 15 13 13 19 14 18 24 17 14 16 16 18 13 21 18 20 20 12 17 23 19 11 8 10 13 15 24 14 13 9 14 14 19 21 22 13 9 15 13 12 14 12 15.5 19 10 4 12 14 12 16 13 14 14 19 13 20 11 15 19 14 20 27 85 17 19 29 17 13 11 16 15 4 3 9 19 19 20 15 15 16 23 27 30 37 28 16 20 19 17 25 23 15 10 13 22 22 17 12 16 18 11 13 20 17 14 18 12 20 17 19 19 23 16 15 12 17 19 26 32 19 12 20 21 30 25 16 13 26 25 20 25 11 13 20 20 16 21 15 10 18 32 35 19 21 26 33 40 44 22 11 19 27 31 21 16 6 8 20 31 45 47 46 61 51 44 25 48 30 46 43 20 9 10 20 42 18 12 13 34 27 33 46 56 72 92 133 34 28
"80371" 47 50 33 37 47 58 58 51 11 14 8 9 14 25 14 19 25 31 43 56 61 96 65 49 55.5 62 27 38 44 60 48 36 40 66 55 7 14 13 24 31 24 25 15 21 13 21 32 52 54 50 30 55 55 53 53 31 30 51 47 48 65 66 76 66 40 36 33 45 48 39 34 31 61 43 36 34 42 27 24 29 48 43 38 24 8 6 9 8 14 17 26 30 19 22 32 27 14 27 43 42 32 37 26 33 28 39 41 32 26 47 44 24 25 11 10 14 38 23 15 27 36 23 19 18 24 28 14 8 23 29 11 3 11 20 32 26 28 39 41 30 30 37 15 34 25 14 13 18 19 30 34 30.5 27 23 18 13 11 11 10 10 17 21 26 25.5 25 25 16 15 13 17 16 18 18 15 10 11 12 18 18 18 17.5 17 20 10 12 13 12 16 13 13 17 17 15 15 21 38 26 15 11 11 15 14 14 12 12 14 24 38 38 18 14 10 11 14 12 8 5 9 7 7 13 14 13 13 18 14 16 19 20 19 21 15 15 14 20 18 13 14 16 9 5 11 20 20 16 4 14 19 25 13 9 6 5 5 9 13 6 6 11 15 11 13 13 16 20 24 25 16 23 28 26 23 23 24 20 23 26 32 13 21 16 14 5 6 15 25 36 37 33 35 32 13 4 36 39 23 25 27 30 30 37 13 19 23 11 7 10 22 10 22 33 38 43 57 58 63 50 52 61 62 53 59 22 29 36 45 29 27 25 31 41 32 21 24 28 37 23 24 11 11 8 11 19 24 36 33 31 36 54 57 62 68 64 47
"80372" 153 109 120 109 137 170 88 59 95 186 183 93 65 30 18 27 42 54 54 73 156 133 122 66 27 52 69 60 57 46 32 91 54 47 77 93 89 107 55 43 28 34 15 20 40 48 56 56 57 63 63 47 42 38 44 46 58 45 51 86 114 78 79 45 38 52 49 38 39 38 29 20 28 37 38 14 21 21 17 15 30 44 39 23 26 41 48 37 43 44 36 32 16 11 16 19 29 34 34 33 28 79 42 31 40 32 26 20 41 47 31 14 10 11 14 18 23 26 40 39 29 27 18 18 14 16 20 26 29 28 28 31 34 42 38 27 18 23 30 34 16 21 27 23 24 31 26 15 32 22 16 22 33 17 25 11 13 20 23 27 25 30 17 16 23 29 28 18 12 9 13 16 15 14 19 16 14 8 13 15 13 20 18 17 10 10 10 13 13 13 13 16 14 18 15 14 24 26 21 15 13 15 6 11 18 16 13 14 10 10 11 13 14 11 16 19 26 26 23 22 22 26 28 30 17 18 22 24 27 34 41 34 37 13 19 26 34 40 16 12 19 23 29 28.5 28 37 23 28 25 23 25 25 28 33 17 18 20 14 18 20 18 16.5 15 11 15 18 14 13 20 25 29 33 12 17 18 10 19 28 22 21 19 21 30 36 49 42 51 40 35 38 44 56 17 39 37 44 36 24.5 13 20 22 18 43 24 26 42 35 41 47 38 29 33 36 33 39 44 26 30 32 46 52 54 28 24 32 44 53 44 47 32 23 27 38 16 27 25 15 20 17 16 23 30 37 57 28 41 53 52 46 77 158 151 109 77
"80373" 25 32 29 38 38 38 42 43 11 7 7 7 11 16 7 7 18 25 32 33 39 59 71 31 49 37 22 36 31 30 35 34 32 22 55 19 24 31 26 21 22 23 16 15 8 12 22 40 45 42 20 45 46 49 58 25 25 42 49 48 52 61 70 58 41 30 27 34 38 30 30 27 43 32 32 23 40 26 21 21 28 28 22 23 3 6 10 7 9 9 16 20 16 17 21 22 7 23 40 58 31 29 25 29 21 28 27 27 17 36 26 23 18 13 4 10 41 29 13 14 33 22 17 11 13 15 12 7 29 30 19 7 10 13 31 19 13 20 25 18 12 14 10 22 16 12 10 11 16 19 29 24 19 12 12 10 9 9 9 10 14 12 22 25 17 11 13 11 10 10 9 9 9 9 9 9 9 12 11 10 10 10 10 8 8 8 8 7 8 8 9 9 7 8 10 16 12 7 9 11 9 9 8 9 10 9 17 18 12 11 11 11 10 11 13 11 12 14 13 12 13 13 13 10 10 11 11 10 12 13 18 9 9 11 8 10 10 10 10 11 6 7 11 11 8 12 10 11 13 9 6 9 6 7 9 9 7 6 11 11 8 6 8 11 18 23 25 17 16 24 22 16 20 18 16 21 18 13 8 11 6 8 8 7 10 19 23 28 28 34 27 17 11 24 34 36 28 21 18 15 46 46 26 16 7 5 12 14 17 20 26 26 31 46 53 47 43 57 64 56 42 54 28 20 27 34 43 19 17 23 31 43 43 22 17 22 51 34 8 8 14 5 11.5 18 35 36 30 29 33 37 39 34.5 30 26
"80374" 179 187 204 229 270 165 112 148 139 62 70 130 113 20 22 69 94 92 88 59 104 213 89 15 34 48 27 42 61 87 129 108 19 59 96 108 172 168 159 94 78 37 30 50 36 61 72 79 84 26 55 51 67 114 118 107 91 82 93 24 50 61 59 73 84 111 86 59 65 80 29 53 65 25 20 29 46 57 48 64 77 87 73 53 46 52 30 31 43 45 45 50 9 17 33 47 47 40 41 47 119 111 79 55 25 38 42 58 47 112 25 18 14 16 27 27 25 47 54 35 31 29 28 28 42 24 20 22 26 31 38 30 31 30 30 23 33 29 35 35 20 13 16 16 31 39 26 18 13 20 19 18 17 22 16 21 26 29 30 26 20 23 31 20 23 14 18 8 26 22 35 40 30 16 18 33 27 22 16 21 18 17 22 22 12 26 31 27 29 32 25 18 19 12 17 14 21 23 22 25 26 28 28 23 25 18 19 23 19 34 22 17 17 14 14 15 13 17 18 23 34 37 32 12 19 22 22 29 47 31 32 28 20 22 29 19 27 11 16 18 27 24 25 28 25 26 23 31 45 45 34 34 31 39 18 33 24 25 25 22 21 24 38 23 23 15 14 19 21 27 31 26 45 32 12 28 41 25 18 29 41 48 46 44 62 68 35 47 69 71 39 23 27 81 52 28 29 20 17 41 61 63 21 26 37 51 89 79 40 36 66 90 98 134 99 23 24 34 75 105 36 31 22 42 75 95 113 172 85 59 81 94 36 42 47 22 28 18 16 23 51 56 23 11 30 74 47 86 106 124 173 203 233 101
"80375" 151 93 111 117 133 178 165 168 98 26 48 48 98 22 17 36 56 72 74 40 64 111 103 19 25 56 53 57 57 81 107 66 18 37 82 101 94 85 124 30 53 33 27 30 26 24 55 64 82 45 52 15 26 44 71 26 60 63 85 73 30 58 85 111 83 61 66 73 52 48 14 20 31 39 14 22 47 64 66 70 81 128 34 43 72 64 67 50 49 53 37 32 27 16 19 39 22 29 38 39 136 105 59 45 58 27 40 52 28 55 20 21 23 18 33 36 41 47 29 39 46 39 28 15 21 14 15 15 23 31 28 29 36 37 34 36 34 18 15 27 58 31 30 20 28 42 39 23 21 38 35 32 35 19 25 24 27 19 18 23 26 23 17 26 24 27 35 40 7 12 26 36 28 29 30 7 14 22 20 20 30 29 37 25 14 16 16 12 26 24 18 8 19 15 28 20 16 16 20 17 25 14 16 20 20 25 14 13 5 7 7 15 13 21 18 15 21 17 10 15 25 28 35 34 15 21 21 25 27 27 27 20 12 24 30 27 40 38 9 11 19 22 25 27 58 37 39 29 37 44 47 38 35 49 48 17 20 23 36 38 34 43 7 11 18 31 28 27 47 35 42 25 35 14 17 31 44 24 30 36 30 41 26 46 49 54 79 62 49 34 73 65 13 50 50 52 28 19 18 23 54 92 8 29 38 26 53 94 53 23 43 79 84 93 109 51 19 27 56 93 63 31 22 54 78 85 89 108 87 63 48 89 16 21 40 53 18 29 23 19 46 74 24 27 41 56 66 85 103 135 154 93 159 166
"80376" 54 48 45 44 51 50 48 37 18 7 10 15 20 16 12 14 24 32 43 40 41 35 35 43 48 38 33 43 44 50 30 26 20 17 17 23 27 13 14 13 12 13 12 11 16 23 31 31 22 39 40 41 24 21 50 38 34 37 20 27 50 36 64 40 21 19 17 38 32.5 27 23 37 36 19 20 22 18 17 12 19 28 25 14 12 15 10 16 18 20 34 19 15 17 19 26 18 14 24 39 24 18 16 16 23 30 32.5 35 25 18 27 25 16 17 10 11 10 19 14 12 18 20 19 13 13 14 19 15 7 13 11 15 10 10 13 21 15 23 27 27 21 21 21 19 10 13 10 6 11 9 22 18 18 15 12 8 7 7 5 6 9 12 14 22 20 11 12 12 14 10 11 11 14 15 12 8 11 9 9 10 9 10 11 11 9 9 10 11 8 7 7 8 9 8 5 6 17 28 11 12 11 7 6 7 5 8 8 12 13 20 22 10 5 5 5 5 7 9 11 10 9 12 15 14 8 14 15 13 16 19 16 18 10 7 9 10 11 9 11 13 14 14 10 18 24 17 10 22 17 29 29 18 16 7 5 5 6 7 5 5 5 5 5 6 7 5 12 11 8 7 10 14 11 11 17 15 13 20 26 20 16 14 15 10 13 17 27 25 37 39 39 27 12 4 25 21 14 11 12 17 23 12 7 14 10 13 6 18 29 22 21 26 33 41 40 18 32 46 31 30 57 60 50 48 31 36 39 66 55 54 17 23 25 13 14 22 25 20 16 9 12 30 16 18 25 33 41 37 30 35 41 44 34 39 42
"80377" 74 58 73 101 152 80 49 47 66 138 172 165 127 30 18 35 32 29 28 63 168 118 102 48 46 56 43 49 46 45 42 61 53 40 60 65 69 103 100 14 47 37 9 13 34 42 62 56 49 36 32 43 55 26 19 45 62 70 62 53 61 57 36 27 33 35 26 24 28 22 32 19 18 30 28 12 21 26 24 18 20 34 31 29 29 29 27 26 22 25 25 35 13 9 16 14 27 35 32 37 38 52 54 50 24 23 27 21 25 30 29 10 10 8 14 12 16 22 25 26 20 28 23 20 18 13 19 27 32 20 21 17 26 31 31 24 10 23 33 29 21 12 19 16 26 18 15 19 25 21 14 20 27 21 24 10 5 8.5 12 13 15 19 17 13 21 21 17 13 22 7 10 15 13 12 14 16 14.5 13 8 13 13 13 19 16 13 10 14 16 14 17 16 17 19 19 15 13 18 20 25 22 13 8 12 13 14 10 10 16 17 11 12 13 10 11.5 13 13 13 15 18 21 25 25 24 20 18 14 19 21 21 30 37 31 25 15 19 23 33 36 16 10 15 23 21 25 23 30 22 26 23 23 23 22 26 36 12 8 18 18 14 16 15 12 10 7 12 10 6 10 17 17 25 33 12 11 13 6 14 10 18 11 13 17 23 23 43 31 24 21 23 32 36 45 14 15 24 30 28 26 15 14 15 24 55 17 30 33 28 27 22 22 27 24 24 26 28 40 37 35 48 39 35 51 36 33 25 37 32 27 32 26 28 42 36 15 27 20.5 14 13 20 21 26 33 48 72 61 63 62 66.5 71 79 118 177 102 66
"80378" 11 10 25 22 35 31 26 23 19 33 62 87 52 7 11 15 23 37 37 16 44 69 12 9 20 28 9 16 18 25 22 8 13 12 12 38 16 24 17 31 57 76 62 7 12 22 56 76 38 9 9 16 41 19 8 10 23 92 24 6 11 16 18 41 22 20 24 30 95 17 12 22 36 16 11 20 8 23 54 80 264 17 13 11 11 11 18 9 16 35 37 43 13 20 15 13 6 10 41 146 78 31 48 108 14 8 36 18 59 21 8 12 15 14 24 9 47 41 9 6 14 37 36 32 13 8 6 7 15 19 20 15 8 14 20 49 15 15 59 77 21 6 7 16 16 16 30 17 21 20 29 20 9 6 7 7 9 11 7 7 5 6 6 7 9 14 22 31 33 34 9 8 10 17 22 23 26 18 17 9 12 12 21 29 16 19 9 9 7 7 9 15 22 14 10 11 8 11 22 22 26 20 16 10 15 11 16 15 11 17 9 6 6 14 20 10 7 11 12 12 19 31 27 11 8 9 19 15 29 12 7 17 17 8 8 7 7 10 10 10 7 6 7 8 12 17 15 23 22 26 25 12 9 8 5 11 18 22 21 33 10 5 5 10 7 8 16 21 23 10 5 6 4 6 10 14 5 6 17 17 7 7 10 17 25 11 8 6 9 20 6 6 5 21 27 11 23 17 6 15 9 4 5 6 5 7 12 25 4 5 14 28 27 41 33 7 8 21 39 9 8 6 6 10 13 19 28 30 36 35 41 10 20 25 46 43 39 10 7 13 33 10 9 8 16 21 23 30 26 34 42 43 46 14
"80379" 28 29 25 17 26 28 30 35 31 17 20 18 25 21 9 11 19 21 25 32 27 66 35 10 26 22 23 27 31 45 29 55 55 29 38 26 35 40 19 32 41 22 36 32 17 27 27 29 44 59 67 28 23 27 37 35 45 19 27 34 44 41 37 43 30 33 43 47 41 35 43 24 25 43 40 36 31 27 37 55 23 20 17 13 13 18 28 27 34 27 17 26 20 25 15 18 12 28 21 23 26 38 30 34 23 28 29 14 16 12 12 20 42 31 33 11 20 37 30 21 21 25 21 10 10 12 9 10 16 20 26 39 34 43 41 30 10 28 21 15 19 17 15 33 33 28 25 18 13 13 13 20 23 25 17 14 15 16 13 10 6 11 16 16 25 14 9 12 13 12 8 11 12 7 9 9 5 5 9 9 7 7 5 6 6 6 12 10 18 23 15 13 8 9 17 25 13 8 8 8 10 12 11 11 12 12 7 6 7 7 9 14 12 13 14 19 16 17 18 15 15 12 13 10 13 14 14 14 8 12 14 11 14 9 11 12 19 16 17 15 21 6 8 9 13 11 5 5 6 12 13 14 20 16 19 25 21 12 32 27 25 20 21 25 19 10 16 13 15 19 19 18 19 20 11 22 27 12 13 15 15 16 18 13 18 19 20 30 30 37 45 58 25 20 21 33 44 42 29 22 26 38 37 8 11 14 25 22 18 19 25 37 37 33 29 32 47 22 22 36 41 39 39 31 27 32 36 42 28 19 34 49 55 42 30 18 36 32 14 12 22 36 6 14 29 23 20 32 41 42 44 37 52 58
"80380" 134 111 95 82 152 181 119 70 64 224 169 54 49 20 13 26 39 54 59 74 133 141 118 71 34 45 60 56 71 60 38 99 68 45 71 106 114 98 63 37 43 21 9 13 41 51 56 71 72 81 71 59 56 52 42 50 77 51 50 97 117 115 87 57 40 57 72 58 45 48 25 28 35 39 44 18 22 7 19 15 25 42 17 29 30 44 57 49 53 40 35 30 18 8 16 19 29 36 40 41 32 40 39 28 37 39 31 19 20 27 29 14 4 8 15 23 29 29 37 43 34 39 22 19 15 10 19 24 26 31 27 38 40 55 49 37 17 19 34 34 22 14 27 22 22 26 24 15 36 33 15 23.5 32 20 26 18 16 23 25 23 23 23 20 17 24 30 30 15 19 23 7 13 7 8 17 12 9 8 14 14 17 20 18 13 9 9 8 8 12 13 12 14 14 15 24 16 22 23 12 7 11 14 13 9 21 14 12 15 8 12 16 14 13 11 15 25 26 18 18 17 21 19 29 25 15 19 19 28 28 29 32 31 26 14 18 25 28 25 14 6 20 23 23 22.5 22 23 29 29 24 17 15 22 24 18 16 6 18 10 18 22 19 19 15 4 10 16 12 9 15 24 26 33 23 21.5 20 9 18 17 30 27 24 24 26 35 49 62 41 52 45 40 44 49 13 43 41 48 53 50 11 22 21 21 27 17 20 53 52 43 38 41 40 45 43 40 45 60 34 43 48 68 61 56 39 43.5 48 69 69 53 53 49 35 39 48 11 29 36 39 14 16 18 27 40 39 52 30 44 58 63 50 95 177 202 179 133
"80381" 79 121 105 81 135 77 48 59 55 54 78 122 121 23 13 21 32 37 44 40 61 81 28 8 18 39 13 13 21 32 38 27 18 40 59 82 106 139 138 86 105 74 18 54 75 62 74 74 64 15 30 42 59 86 107 105 81 75 91 30 42 41 32 42 51 47 48 37 38 42 22 20 34 18 26 32 54 50 38 42 106 202 61 58 56 46 39 36 45 36 39 46 23 6 17 24 26 24 37 47 107 90 69 63 41 38 43 52 51 61 12 20 8 17 23 30 21 43 30 26 30 26 26 12 21 13 13 21 24 35 41 34 23 34 37 29 43 31 42 44 21 14 24 21 26 45 19 8 16 30 28 17 21 31 18 29 28 20 14 12 13 16 27 28 18 16 19 16 26 19 32 34 34 17 16 25 34 30 17 23 21 18 30 34 10 19 19 21 11 15 23 20 17 14 17 9 17 20 34 40 26 19 17 23 22 14 13 20 22 10 8 13 9 15 22 22 25 14 27 29 48 53 41 9 22 28 30 33 35 38 36 26 23 20 19 18 25 17 5 13 17 21 30 31 32 32 30 37 43 38 31 28 19 50 30 28 26 27 29 27 13 27 15 14 20 21 13 24 32 41 39 24 25 20 25 27 42 27 15 25 41 29 38 51 59 55 39 29 56 67 23 17 17 37 29 40 47 16 8 17 35 31 17 45 32 31 49 44 18 12 20 45 46 75 53 10 19 22 39 25 21 30 11 14 30 47 54 51 37 30 45 69 23 36 73 48 17 22 9 28 41 61 18 17 28 36 29 47 66 71 141 146 75 34
"80382" 25 31 28 39 31 31 37 37 8 12 10 14 11 12 7 7 17 23 27 31 38 46 65 27 49 37 25 35 30 29 37 27 30 29 56 18 29 40 23 29 33 23 13 18 5 12 26 35 44 36 27 35.5 44 53 51 25 26 47 46 47 53 59 62 55 39 27 23 34 40 34 26 28 44 33 38 26 41 26 21 19 28 26 15 29 5 6 13 5 11 10 18 26 25 17 25 24 5 29 42 46 63 35 27 32 19 22 37 30 16 49 23 25 21 18 5 11 35 25 9 13 32 21 17 12 10 14 12 14 35 27 27 5 18 28 34 24 16 27 32 25 19 22 17 21 29 9 15 20 23 26 27 22 25 16 15 11 14 15 10 16 16 16 30 32 22 21 24 7 10 12 13 11 11 9 12 12 10 17 9 12 13 11 14 8 11 10 7 7 10 8 9 8 8 10 14 20 18 5 13 15 9 13 12 10 10 10 21 14 10 18 12 14 14 20 28 9 10 11 11 9 13 12 11 15 15 18 14 19 19 22 23 18 12 14 12 19 12 15 13 17 8 9 12 14 7 17 16 17 13 3 5 14 6 10 17 15 6 4 18 16 10 14 14 16 27 35 21 16 18 29 25 22 26 24 16 22 28 19 13 14 6 5 5 7 19 19 28 32 29 31 32 31 12 27 39 45 32 25 22 15 45 52 39 17 8 6 10 18 12 16 19 25 28 43 52 51 40 59 52 47 39 50 25 27 31 36 35 19 16 19 40 71 42 27 22 27 55 50 7 14 21 2 16 15 33 31 22 20 25 29 36 37 30 31
"80383" 118 64 41 75 95 125 109 78 94 18 41 43 66 13 20 28 39 58 54 49 39 52 38 26 12 46 40 38 38 58 56 69 15 25 57 57 53 37 58 25 24 30 23 33 17 32 45 70 94 81 62 16 24 34 51 37 34 58 52 94 56 33 75 86 55 61 75 62 52 43 31 34 30 46 17 14 28 27 64 55 44 29 25 24 38 61 60 40 44 74 48 36 29 28 24 47 35 36 54 38 74 81 53 66 43 44 48 48 56 40 15 21 30 18 33 42 52 40 26 28 35 24 41 31 20 23 14 27 30 38 36 29 39 42 30 51 30 11 22 36 50 55 39 29 40 62 35 24 38 28 27 23 33 32 31 16 23 35 27 25 33 25 25 33 33 36 51 19 13 13 23 30 47 27 14 18 11 20 15 13 20 32 30 15 15 16 22 12 15 13 10 28 28 23 32 24 29 12 9 19 19 18 10 19 20 31 11 11 11 8 12 16 15 18 13 14 15 22 17 19 21 26 38 43 36 22 17 32 31 28 24 20 24 21 22 28 30 23 17 10 16 29 17 12 23 27 19 15 18 29 31 22 28 32 23 7 12 19 19 34 45 42 9 12 17 15 19 23 23 40 44 54 17 17 11 15 21 18 13 11 15 33 46 24 23 21 40 51 58 69 68 61 13 40 37 58 69 26 14 30 48 75 13 17 36 21 44 74 57 24 18 30 62 84 62 76 10 18 46 61 69 76 11 28 46 58 104 91 62 44 32 68 55 13 39 45 58 15 30 9 31 37 41 26 20 34 65 75 99 132 120 111 141 158
"80384" 181 160 234 232 293 112 84 134 69 40 120 151 178 30 16 20 33 51 51 36 90 195 161 15 46 63 34 18 33 58 85 48 24 64 90 112 199 193 125 104 109 61 50 49 40 47 75 83 83 16 43 31 42 81 117 104 97 52 109 73 75 56 31 75 74 82 51 46 47 42 25 31 44 36 23 36 52 58 60 62 71 127 58 51 66 55 36 50 56 30 39 35 23 10 20 27 47 54 38 43 149 188 96 90 77 47 51 55 49 49 14 15 10 18 22 34 22 43 51 47 48 41 24 13 16 13 16 26 24 32 21 26 32 38 39 47 23 37 46 40 25 17 24 21 28 35 15 9 17 19 29 19 18 23 14 20 21 24 24 23 24 33 24 23 24 21 26 24 25 13 27 36 24 19 25 21 18 27 16 15 17 23 25 15 10 22 24 18 26 28 22 18 13 18 17 15 17 17 21 22 15 14 18 27 24 14 14 18 18 6 7 11 13 16 18 19 22 12 12 24 32 36 36 11 17 19 23 32 38 36 30 26 19 25 20 14 24 18 4 12 25 23 30 29 31 32 32 44 54 39 23 29 32 41 28 18 21 26 23 26 24 15 11 17 19 23 14 16 16 16 21 13 30 26 15 18 36 26 15 21 24 48 39 36 60 46 25 22 66 54 44 16 18 31 31 43 34 13 9 31 61 79 8 34 55 58 73 107 19 26 47 52 105 117 64 13 15 38 64 48 44 32 25 22 35 65 69 64 40 52 48 93 26 27 59 64 42 24 10 20 48 106 68 14 22 72 64 55 106 102 106 184 108 89
"80385" 29 33 30 39 46 34 32 32 31 11 14 18 11 9 9 8 19 24 30 31 36 51 44 25 40 38 32 29 27 32 22 20 18 19 19 33 39 28 10 11 11 10 11 11 8 17 29 27 30 32 36 44 27 30 47 32 35 32 19 42 56 37 47 35 23 18 21 34 28 24 29 29 34 27 29 25 27 17 16 15 21 17 15 13 8 8 17 24 19 14 20 15 15 15 14 13 9 25 36 23 17 17 21 27 33 29 26 21 23 25 9 17 18 17 12 11 14.5 18 15 12 24 15 13 9 9 9 11 13 24 14 20 26 24 38 27 19 11 25 31 19 14 13 17 19 20 9 11 11 16 31 38 22 21 17 8 8 6 7 5 5 9 12 14 16 12 23 10 4 6 7 8 9 13 7 8 7 9 5 5 8 10 6 5 4 7 8 5 9 7 5 5 5 6 7 11 26 15 7 10 8 4 8 6 6 5 8 27 20 13 15 8 7 6 11 9 10 9 11 9 9 12 13 9 8 9 11 13 15 24 24 14 9 5 5 5 3 4 5 6 7 18 9 9 12 10 13 26 20 23 8 4 4 3 4 5 5 5 9 8 7 7 10 9 13 18 19 7 10 10 13 14 11 15 21 14 20 31 19 17 10 8 9 11 12 21 18 27 39 35 28 34 22 25 22 18 22 15 12 23 18 21 19 16 12 9 8 18 33 19 19 26 33 38 37 26 45 45 40 31 53 39 43 46 31 34 37.5 41 28 27 23 36 26 14 15 31 29 40 16 7 19 31 13 16 20 34 30 28 27 42 64 67 69 47 66
"80386" 50 57 59 58 69 67 67 87 99 107 124 131 143 52 22 32 34 46 50 64 99 134 105 77 59 75 76 77 70 67 84 108 111 87 103 67 69 94 87 53 37 30 37 15 17 26 13 6.5 30.25 54 61 46 31 38 43 39 39 44 61 75 68 59 50 52 64 58 61 51 31 31 24 18 25 45 43 22 18 18 19 27 38 23 15 7.5 12.25 17 23 31 27 31 28 32 30 16 15 21 32 37 38 43 42 38 39 42 32 30 37 31 28 27 33 12 10 12 16 25 22 27 28 31 29 29 32 31 25 19 16 18.5 21 21 20 25 31 41 48 28 27 34 44 39 26 11 19 21 30 45 46 40 29 30 18 11 15 12 12 11 16 25 35 42 36.5 31 22 20 27 21.5 16 17 21 27 30 18 18 20 15 15 18 15 14 15 24 21 14 17 11 15 18 25 29 23 18 15 17 18 11 19 25 21 20 18 15 10 15 18 17 12 16 14 13 16 18 20 14 13 11 15 18 14 14 14 14 15 17 15 14 16 15 19 24 34 29 29 26 27 30 36 23 14 10 14 19 20 27 32 38 38 40 32 23 22 19 21 35 39 8 13 17 22 26 30 41 38 12 8 9 8 8 9 14 20 19 18 20 16 10 14 10 8 8 11 17 21 21 24 22 22 27 33 38 53 55 18 18 38 47 46 22 25 32 33 34 46 34 18 14 14 21 23 25 32 44 58 57 67 71 84 92 67 41 37 49 55 37 22 30.5 39 42 44 59 59 80 95 104 73 25 26 44 23 23 28 34 45 47 50 55 62 72 78 98 106 135 145 117 103
"80387" 190 175 160 172 323 179 115 136 173 69 34.5 91.25 148 28 17 35 46 54 54 60 157 254 189 23 35 86 69 33 38 79 101 74 23 45 84 122 217 141 149 84 54 43 39 36 29 48 62 65 106 52 75 30 51 63 60 85 35 50 83 94 74 68 62 66 46 44 52 43 34 37 14 18.5 23 26 21 26 34 56 81 96 103 126 63 61 59 50 49 54 58 30 41 40 21 15 17 34 44 36 34 36 135 150 76 75 59 39 42 70 51 60 22 20 17 27 30 20 20 34 63 45 46 33 26 13 14 20 19 29 29 30 31 29 35 38 36 39 16 43 34 30 41 19 26 23 28 40 41 8 30 24 32 37 22 28 14 20 17 21 18 27 32 31 30 33 28 23 34 27 20 12 20 25 24 21 18 12 10 17 10 16 21 21 17 10 6 11 9 7 15 13 12 14 17 14 19 20 19 18 19 12 11 10 9 12 16 13 13 13 8 3 3 8 13 16 16 12 14 10 14 21 27 37 33 17 8 20 28 27 26 35 24 17 11 21 29 14 30 25 4 12 16 25 31 19 34 45 32 26 37 24 29 32 29 29 29 30 26 26 20 23 17 6 15 15 18 16 14 17 24 22 22 15 27 31 15.5 21.25 27 39 43 27 24 21 49 63 31.5 40.25 49 38 73 63 75 33 33 35 47 74 44 34 14 25 37 102 22 34 70 51 64 83 34 42 56 55 115 57 76 33 20 37 61 58 57 60 28 36 49 93 80 67 45 35 39 82 35 35 61 52 36 34 17 24 24 68 63 49 42 54 95 97 104 136 121 225 180 148
"80388" 28 33 29 38 44 31 27 20 32 10 13 15 15 10 9 6 17 21 28 25 30 35 33 24 37 32 29 28 26 27 19 20 21 19 19 27 25 15 11 10 15 14 16 15 7 16 22 25 27 29 39 34 15 20 37 31 30 18 15 34 44 29 32 26 19 18 20 24 26 24 28 32 28 23 28 19 22 17 16 10 13 14 18 21 10 8 16 21 30 22.5 15 17 19 18 14 15 12 24 32 15 15 15 23 31 38 33 28 20 13 23 11 24 28 23 18 12 20 20 19 14 18 18 18 13 11 11 12 16 15 15 22 29 19 26 26 11 18 25 23 21 13 13 15 25 19.5 14 15 12 16 27 40 27 14 11 8 8 5 7 6 5 6 13 7 12 10 17 10 7 7 9 9 8 8 8 8.5 9 8 7 7 7 9 6 5 6 5 8 6 10 7 4 4 4 5 5 9 16 12 7 9 7 5 6 5 5 5 6 23 23 16 12 9 6 5 12 8 8 9 11 11 10 10 10 9 7 7 10 13 14 14 16 11 8 5 6 6 5 6 8 7 7 13 13 12 11 9 11 23 21 24 13 4 4 3 6 5 5 6 6 6 8 6 7 8 10 9 12 7 9 9 12 12 11 15 15 13 16 26 19 15 10 5 6 9 11 18 15 25 32 30 21 23 17 18 17 15 18 14 12 22 18 18 17 18 13 9 9 17 22 19 16 24 28 31 29 19 34 39 25 26 47 37 28 43 31 34 36 40 29 27 17 27 25 18 10 28 19 24 12 7 13 27 15 15 17 31 29 28 27 43 55 47 38 43 62
"80389" 128 122 87 71 118 168 112 76 59 214 171 58 51 22 13 27 50 58 56 62 109 156 116 68 40 47 53 52 71 56 46 95 75 49 67 101 100 89 62 33 47 20 11 14 45 48 52 60 74 72 74 55 59 60 44 43 75 46 48 91 123 111 67 52 42 61 82 59 42 59 25 32 36 41 48 18 27 8 24 23 31 42 18 28 32 46 55 59 50 31 33 33 18 7 15 18 25 36 37 41 28 41 42 30 40 38 30 19 16 24 29 18 4 9 16 22 31 31 28 43 34 39 21 18 17 10 21 30 29 41 35 47 43 46 43 43 26 23 39 33 25 14 29 28 24 23 14 20 32 42 18 27 30 27 32 23 23 25 29 22 15 19 26 20 27 30 29 15 9 12 12 12 4 9 19 13 5 9 13 14 18 23 18 12 10 10 9 10 13 14 13 15 16 17 27 18 24 22 18 8 15 16 9 13 22 14 14 11 7 12 16 13 11 10 18 31 24 15 16 17 17 23 27 22 18 22 24 31 26 29 32 31 27 15 17 27 29 22 15 4 22 28 25 23 22 21 27 31 23 13 20 22 23 17 22 3 12 8 16 19 17 19 17 5 12 21 20 14 18 28 30 33 29 20 26 14 21 18 34 25 33 24 22 29 50 70 59 65 44 44 51 54 12 49 43 49 59 52 12 24 23 22 28 17 16 53 58 43 33 38 42 46 48 44 47 54 36 43 54 73 64 58 47 27 45 71 69 48 57 46 45 43 54 11 30 39 48 12 17 21 25 30.5 36 44 31 45 64 62 53 80 148 211 189 141
"80390" 176 244 188 142 273 163 99 99 158 86 117 145 124 37 21 29 40 47 52 69 140 197 154 33 48 69 57 26 41 54 85 76 26 38 78 128 122 137 84 82 55 43 33 39 39 48 55 59 92 29 53 47 31 62 62 107 49 47 66 89 68 58 48 48 41 40 52 51 33 41 23 21 21 32 29 32 42 65 52 70 113 148 54 36 44 44 39 47 52 37 43 46 26 21 21 39 41 36 35 34 96 115 57 47 29 34 37 46 50 49 27 23 18 25 24 18 27 31 58 41 37 29 20 13 17 24 19 29 29 38 26 22 25 26 28 29 15 29 35 28 39 19 21 24 27 25 25 8 18 17 18 30 20 18 13 18 12 13 18 18 21 34 25 27 20 21 28 24 18 10 10 17 19 19 17 13 13 16 10 11 13 17 19 13 10 13 15 9 12 12 12 11 15 16 9 17 16 18 16 17 11 11 10 11 14 17 14 15 12 7 6 12 11 15 13 12 16 13 17 15 25 32 27 16 9 17 24 27 20 28 23 21 14 18 23 17 27 30 7 10 20 18 22 25.5 29 32 28 22 30 22 23 28 22 28 27 30 26 19 18 19 19 8 18 17 16 13 14 20 22 18 20 13 24 36 34.5 33 32 44 37 31 17 23 45 38 50 53 29 25 27 31 46 29 26 27 35 55 43 29 16 21 31 79 26 36 62 57 51 66 31 35 31 38 59 36 54 29 24 42 45 48 48 58 30 31 41 63 51 50 39 26 32 70 38 34 38 45 29 28 19 27 30 61 86 39 31 53 79 80 89 133 99 169 125 89
"80391" 54 56 59 79 86 77 76 89 102 99 117 135 112 47 28 37 51 42 66 58 85 114 102 46 56 87 82 65 75 78 90 105 76 135 133 120 87 106 101 45 56 65 42 25 21 29 48 61 48 29 69 60 24 31 40 35 39 49 52 39 68 57 46 51 46 56 59 54 37 27 20 17 22 42 26 15 19 35 24 31 48 18 11 12 15 13 25 32 28 32 41 29 12 10 13 27 34 30 31 34 32 25 29 22 25 23 28 26 24 24 44 8 8 9 18 28 21 31 22 38 44 29 35 26 31 19 18 10 10 9 13 16 22 29 38 53 25 29 34 39 35 24.5 14 19.5 25 12 15 26 16 18 27 7 7 6 7 9 14 13 20 24 18 9 11 13 22 16 14 17 31 22 26 15 17 18 21 14 14 24 14 14 16 19 22 10 7 12 16 8 18 28 24 20 17 6 10 20 22 22 16 17 11 11 14 13 15 10 6 6.5 7 10 13 13 9 8 6 9 10 9 7 10 12 13 14 4 7 12 14 21 18 22 18 12 18 23 23 10 10 5 7 6 18 14 20 26 26 27 31 45 39 29 37 44 21 9 5 7 11 18 24 30 20 17 6 5 9 8 6 7 9 14 17 14 17 27 14 14 16 7 5 10 16 18 11 22 9 13 23 28 32 34 23 9 19 30 42 37 33 23 20 31 31 43 48 29 21 15 14 17 23 30 41 45 51 84 78 70 89 72 19 30 49 42 25 19 30 41 47 47 64 75 83 90 88 86 29 38 33 20 20 34 44 45 46 58 72 68 75 81 96 92 118 164 156 107
"80392" 186 98 128 165 215 110 58 148 45 36 57 89 125 11 16 37 53 63 50 18 133 190 82 12 19 47 37 25 38 51 92 32 26 43 69 99 130 178 108 55 105 91 63 17 26 21 59 76 98 22 27 17 39 41 42 29 49 61 75 83 26 62 72 72 82 90 87 82 38 24 11 19 30 29 18 35 50 65 60 55 129 69 33 37 39 65 50 50 34 40 33 22 27 18 27 44 16 20 35 32 121 145 80 60 65 40 36 45 37 33 13 22 29 26 35 25 34 46 19 32 30 28 32 16 16 13 18 24 30 29 39 30 21 34 38 33 36 43 31 43 70 34 26 24 21 34 35 17 35 52 45 40 26 19 25 26 22 23 14 13 15 19 23 30 21 20 27 45 10 12 28 22 21 22 24 10 16 22 17 19 19 18 26 36 12 18 15 16 21 17 21 13 21 19 27 15 16 19 19 24 33 18 23 30 23 18 27 19 8 6 7 10 12 15 20 20 17 9 13 17 18 19 24 31 16 20 29 31 41 48 41 28 20 22 19 20 30 29 17 13 18 23 32 37 29 45 63 42 46 30 38 46 55 60 42 15 15 26 42 39 28 25 9 16 20 18 31 36 52 36 40 35 26 20 22 32 33 20 31 48 38 33 30 38 44 68 56 46 20 39 56 40 8 40 36 32 26 19 11 20 38 57 9 23 32 31 55 90 49 13 28 58 53 54 112 41 16 35 73 92 26 21 23 43 49 69 76 108 89 51 50 52 11 13 44 66 26 21 14 28 46 55 15 16 44 87 73 56 86 134 214 203 175 108
"80393" 54 63 68 83 88 86 92 124 136 129 121 114 110 44 26 33 36 52 69 72 99 122 118 62 54 82 90 77 78 86 95 122 119 163 142 128 105 116 131 90 74 80 51 19 20 30 56 71 71 68 75 82 32 35 34 37 49 55 60 50 88 56 54 62 68 95 76 66 33 31 15 12 30 64 56 17 23 40 34 51 59 20 10 13 23 12 21 38 37 56 53 35 18 6 9 28 34 36 41 47 32 27 34 28 26 35 40 23 30 29 33 6 6 7 24 34 27 30 25 48 54 37 39 35 28 18 18 7 14 13.5 13 17 21 44 59 74 39 26 25 35 31 25.5 20 30 35 39 19.5 25.75 32 32 31 8 9 5 10 9 23 26 22 27 21 15 15 21 20 13 13 13 22 21 23 12 11 18 23 19 23 23 17 19 15 19 13 8 6 13 14 23 24 24 22 15 11 6 6 16 22 20 20 12 7 13 14 22 20 17 12 8 10 13 17 26 13 12 15 17 17 12 10 17 17 22 34 9 11 22 28 32 34 33 26 26 20 21 34 22 17 12 10 20 35 22 26 41 29 42 48 56 37 37 61 58 38 27 9 14 20 32 40 49 39 36 17 12 17 13 13 13 15 26 39 38 35 34 29 36 25 16 10 12 25 23 16 29 17 17 24 42 56 66 43 12 22 53 57 73 27 32 42 61 55 70 78 46 17 17 20 34 34 48 54 59 79 105 70 92 125 99 30 44 69 46 32 19 31 44 52 60 71 85 102 106 93 85 27 41 69 26 18 29 47 65 57 59 67 75 73 93 115 125 121 170 151 151
"80394" 29 21 23 46 36 33 43 48 61 54 58 60 52 45 12 21 24 33 28 31 38 68 49 41 40 48 42 35 41 44 63 68 42 60 35 29 39 40 19 17 15 13 15 14 16 23 33 33 31 30 38 29 16 17 23 30 37 37 51 60 43 37 26 36 39 51 35 28 25 34 20 13 27 40 38 29 13 14 11 18 22 15 12 13 16 21 20 27 27 21 22 30 31 30 13 12 16 27 34 34 29 24 29 22 19 26 30 16 13 14 19 16 11 14 15 17 19 24 19 21 25 25 22 30 35 12 12 15 13 13 11 21 41 51 54 37 31 36 23 10 16 14 14 18 18 16 15 16 15 20 17 12 11 10 12 8 13 19 18 16 17 18 14 19 14 18 14 16 12 15 20 18 7 12 8 12 16 9 9 9 11 15 13 11 9 11 10 12 11 10 12 12 12 15 12 18 16 18 20 10 12 13 14 15 14 16 13 14 14 11 13 15 13 8 9 14 18 14 11 8 9 11 13 12.5 12 10 11 13 14 16 20 24 28 20 13 12 11 12 8 9 12 14 16 22 24 26 20 20 22 21 18 17 17 19 10 9 14 20 21 15 11 12 19 9 8 13 15 15 17 16 16.5 17 17 17 17 17 18 10 7 8 11 14 17 18 20 15 14 22 24 26 28 21 17 28 34 38 27 22 22 24 26 23 10 10 11 18 22 16 19 28 45 57 49 36 33 50 60 41 36 34 31 41 29 37 29 37 31 36 35 51 50 71 53 34 19 20 21 35 14 17 18 27 29 30 48 51 56 56 51 69 59 56 73 72
